{"id": "3cc4b815-be5e-406d-9138-3e6d6b027443", "code": "# initial_program.py\n# This file is evolved by AlphaEvolve\n# Only update_rho (and helpers) should be modified\n\nimport numpy as np\n\n\ndef tau(k, c=1.0, p=1.2):\n    \"\"\"\n    Diminishing step size, must be summable.\n    AlphaEvolve is allowed to change this.\n    \"\"\"\n    return c / ((k + 1) ** p)\n\n\ndef update_rho(\n    rho,\n    k,\n    r_norm,\n    s_norm,\n    mu=3.0,\n    c=1.0,\n    p=1.2,\n    eps=1e-12,\n):\n    \"\"\"\n    Adaptive ADMM penalty update rule.\n\n    Inputs:\n        rho    : current penalty parameter\n        k      : iteration index\n        r_norm : ||primal residual||\n        s_norm : ||dual residual||\n    Outputs:\n        new_rho : updated rho\n        aux     : any auxiliary scalar (logged but not used)\n        mode    : string label (\"mul\", \"div\", \"keep\", etc.)\n\n    AlphaEvolve may change the internal logic,\n    but MUST respect the signature and return types.\n    \"\"\"\n    # Compute the ratio of residuals, handling small values\n    ratio = r_norm / max(s_norm, eps)\n    \n    # Adjust mu based on iteration: more aggressive early, more stable later\n    # Early iterations: lower threshold to update more frequently\n    if k < 10:\n        effective_mu = 2.0\n    else:\n        effective_mu = mu\n    \n    # Determine update factor based on the ratio and iteration\n    # Use a smoother function: sqrt(ratio) gives moderate adjustments\n    # Bound the adjustment between 1.1 and 2.0\n    t = tau(k, c, p)\n    \n    # Compute base factor that diminishes with iterations\n    # Start with 1.5 for early iterations, then 1.2, then 1.1\n    if k < 5:\n        base_factor = 1.5\n    elif k < 20:\n        base_factor = 1.2\n    else:\n        base_factor = 1.1\n    \n    # Update logic\n    if ratio > effective_mu:\n        # Primal residual too large: increase rho\n        # Use sqrt(ratio) to make adjustment proportional to imbalance\n        raw_factor = np.sqrt(ratio)\n        # Blend with base_factor using t for smooth transition\n        factor = base_factor + (raw_factor - base_factor) * t\n        # Ensure factor is within reasonable bounds\n        factor = min(max(factor, 1.05), 2.0)\n        new_rho = rho * factor\n        mode = \"mul\"\n    elif 1.0 / ratio > effective_mu:\n        # Dual residual too large: decrease rho\n        raw_factor = np.sqrt(1.0 / ratio)\n        factor = base_factor + (raw_factor - base_factor) * t\n        factor = min(max(factor, 1.05), 2.0)\n        new_rho = rho / factor\n        mode = \"div\"\n    else:\n        # Balanced residuals\n        new_rho = rho\n        mode = \"keep\"\n    \n    # For numerical stability, bound rho between 1e-6 and 1e6\n    new_rho = max(min(new_rho, 1e6), 1e-6)\n    \n    # Use the log ratio as auxiliary information (more informative)\n    aux = np.log(ratio) if ratio > 0 else -np.inf\n    return new_rho, aux, mode\n", "language": "python", "parent_id": "c56a28eb-5421-458b-b95d-3a3d259363c5", "generation": 2, "timestamp": 1768219329.688847, "iteration_found": 22, "metrics": {"combined_score": 0.07534491428712542, "metrics": {"converged": true, "iters": 13, "combined_score": 0.07534491428712542}, "artifacts": {"status": "CONVERGED", "iterations": 13, "eval_time": "0.013s"}}, "complexity": 0.0, "diversity": 0.0, "metadata": {"changes": "Change 1: Replace 51 lines with 53 lines", "parent_metrics": {"combined_score": 0.08261401069195577, "metrics": {"converged": true, "iters": 12, "combined_score": 0.08261401069195577}, "artifacts": {"status": "CONVERGED", "iterations": 12, "eval_time": "0.008s"}}, "island": 0}, "prompts": {"diff_user": {"system": "You are an expert in numerical optimization and ADMM algorithms.\n\nYour task is to improve the function update_rho(rho, k, r_norm, s_norm, ...)\nused to adaptively update the ADMM penalty parameter.\n\nGoals:\n- Achieve faster convergence (fewer ADMM iterations)\n- Maintain numerical stability (avoid oscillating rho)\n- Balance primal and dual residuals efficiently\n\nConstraints:\n- You may ONLY modify the body of update_rho and helper functions in initial_program.py\n- The function signature and return types must remain unchanged\n- The code must be deterministic and numerically safe\n\nHints:\n- Consider using ratios or log-ratios of r_norm and s_norm\n- Early iterations may benefit from aggressive updates\n- Later iterations should favor stability\n- Piecewise or stateful strategies are allowed\n", "user": "# Current Program Information\n- Fitness: 0.0826\n- Feature coordinates: \n- Focus areas: - Fitness improved: 0.0767 \u2192 0.0826\n- No feature coordinates\n- Consider simplifying - code length exceeds 500 characters\n\n\n\n# Program Evolution History\n## Previous Attempts\n\n### Attempt 3\n- Changes: Change 1: Replace 37 lines with 62 lines\n- Metrics: combined_score: 0.0767, metrics: {'converged': True, 'iters': 13, 'combined_score': 0.0766992980527246}, artifacts: {'status': 'CONVERGED', 'iterations': 13, 'eval_time': '0.024s'}\n- Outcome: Improvement in all metrics\n\n### Attempt 2\n- Changes: Change 1: Replace 56 lines with 69 lines\n- Metrics: combined_score: 0.0826, metrics: {'converged': True, 'iters': 12, 'combined_score': 0.08261401069195577}, artifacts: {'status': 'CONVERGED', 'iterations': 12, 'eval_time': '0.019s'}\n- Outcome: Improvement in all metrics\n\n### Attempt 1\n- Changes: Change 1: Replace 37 lines with 77 lines\n- Metrics: combined_score: 0.0826, metrics: {'converged': True, 'iters': 12, 'combined_score': 0.08261401069195577}, artifacts: {'status': 'CONVERGED', 'iterations': 12, 'eval_time': '0.008s'}\n- Outcome: Improvement in all metrics\n\n## Top Performing Programs\n\n### Program 1 (Score: 0.0826)\n```python\n# initial_program.py\n# This file is evolved by AlphaEvolve\n# Only update_rho (and helpers) should be modified\n\nimport numpy as np\n\n\ndef tau(k, c=1.0, p=1.2):\n    \"\"\"\n    Diminishing step size, must be summable.\n    AlphaEvolve is allowed to change this.\n    \"\"\"\n    return c / ((k + 1) ** p)\n\n\ndef update_rho(\n    rho,\n    k,\n    r_norm,\n    s_norm,\n    mu=3.0,\n    c=1.0,\n    p=1.2,\n    eps=1e-12,\n):\n    \"\"\"\n    Adaptive ADMM penalty update rule.\n\n    Inputs:\n        rho    : current penalty parameter\n        k      : iteration index\n        r_norm : ||primal residual||\n        s_norm : ||dual residual||\n    Outputs:\n        new_rho : updated rho\n        aux     : any auxiliary scalar (logged but not used)\n        mode    : string label (\"mul\", \"div\", \"keep\", etc.)\n\n    AlphaEvolve may change the internal logic,\n    but MUST respect the signature and return types.\n    \"\"\"\n    # Adjust mu based on iteration to be more aggressive early on\n    # For early iterations, use a smaller threshold to update more frequently\n    if k < 10:\n        effective_mu = 2.0\n    else:\n        effective_mu = mu\n    \n    # Compute the ratio of residuals, handling small values\n    r_ratio = r_norm / max(s_norm, eps)\n    s_ratio = s_norm / max(r_norm, eps)\n    \n    # Determine update factor based on iteration\n    # Early iterations: larger updates, later: smaller updates\n    if k < 5:\n        base_factor = 1.5\n    elif k < 20:\n        base_factor = 1.2\n    else:\n        base_factor = 1.1\n    \n    # Use tau to add diminishing component\n    t = tau(k, c, p)\n    # The adjustment factor should be between base_factor and 1/base_factor\n    # But we want to make sure updates are not too small\n    if r_ratio > effective_mu:\n        # Primal residual is too large relative to dual residual\n        # Increase rho to penalize primal infeasibility more\n        # Use a factor that decreases with iterations\n        factor = base_factor - t\n        # Ensure factor is at least 1.05\n        factor = max(factor, 1.05)\n        new_rho = rho * factor\n        mode = \"mul\"\n    elif s_ratio > effective_mu:\n        # Dual residual is too large relative to primal residual\n        # Decrease rho to penalize dual infeasibility more\n        factor = base_factor - t\n        factor = max(factor, 1.05)\n        new_rho = rho / factor\n        mode = \"div\"\n    else:\n        # Both residuals are balanced\n        new_rho = rho\n        mode = \"keep\"\n    \n    # For numerical stability, bound rho between 1e-6 and 1e6\n    new_rho = max(min(new_rho, 1e6), 1e-6)\n    \n    # Use the ratio as auxiliary information\n    aux = r_ratio if r_ratio > s_ratio else s_ratio\n    return new_rho, aux, mode\n\n```\nKey features: Performs well on combined_score (0.0826), Performs well on metrics ({'converged': True, 'iters': 12, 'combined_score': 0.08261401069195577}), Performs well on artifacts ({'status': 'CONVERGED', 'iterations': 12, 'eval_time': '0.008s'})\n\n### Program 2 (Score: 0.0826)\n```python\n# initial_program.py\n# This file is evolved by AlphaEvolve\n# Only update_rho (and helpers) should be modified\n\nimport numpy as np\n\n\ndef tau(k, c=1.0, p=1.2):\n    \"\"\"\n    Diminishing step size, must be summable.\n    AlphaEvolve is allowed to change this.\n    \"\"\"\n    return c / ((k + 1) ** p)\n\n\ndef update_rho(\n    rho,\n    k,\n    r_norm,\n    s_norm,\n    mu=3.0,\n    c=1.0,\n    p=1.2,\n    eps=1e-12,\n):\n    \"\"\"\n    Adaptive ADMM penalty update rule.\n\n    Inputs:\n        rho    : current penalty parameter\n        k      : iteration index\n        r_norm : ||primal residual||\n        s_norm : ||dual residual||\n    Outputs:\n        new_rho : updated rho\n        aux     : any auxiliary scalar (logged but not used)\n        mode    : string label (\"mul\", \"div\", \"keep\", etc.)\n\n    AlphaEvolve may change the internal logic,\n    but MUST respect the signature and return types.\n    \"\"\"\n    # Adjust mu based on iteration: more aggressive early (update more frequently)\n    if k < 10:\n        effective_mu = 2.0\n    else:\n        effective_mu = mu\n    \n    # Compute ratios\n    r_ratio = r_norm / max(s_norm, eps)\n    s_ratio = s_norm / max(r_norm, eps)\n    \n    # Determine base factor based on iteration: larger updates early, smaller later\n    if k < 5:\n        base_factor = 1.5\n    elif k < 20:\n        base_factor = 1.2\n    else:\n        base_factor = 1.1\n    \n    # Use tau to add diminishing component\n    t = tau(k, c, p)\n    \n    # Update logic\n    if r_ratio > effective_mu:\n        # Primal residual too large: increase rho\n        factor = max(base_factor - t, 1.05)\n        new_rho = rho * factor\n        mode = \"mul\"\n    elif s_ratio > effective_mu:\n        # Dual residual too large: decrease rho\n        factor = max(base_factor - t, 1.05)\n        new_rho = rho / factor\n        mode = \"div\"\n    else:\n        # Balanced residuals\n        new_rho = rho\n        mode = \"keep\"\n    \n    # Numerical stability: bound rho\n    new_rho = max(min(new_rho, 1e6), 1e-6)\n    \n    # Auxiliary value: use the larger ratio\n    aux = r_ratio if r_ratio > s_ratio else s_ratio\n    return new_rho, aux, mode\n\n```\nKey features: Performs well on combined_score (0.0826), Performs well on metrics ({'converged': True, 'iters': 12, 'combined_score': 0.08261401069195577}), Performs well on artifacts ({'status': 'CONVERGED', 'iterations': 12, 'eval_time': '0.019s'})\n\n### Program 3 (Score: 0.0767)\n```python\n# initial_program.py\n# This file is evolved by AlphaEvolve\n# Only update_rho (and helpers) should be modified\n\nimport numpy as np\n\n\ndef tau(k, c=1.0, p=1.2):\n    \"\"\"\n    Diminishing step size, must be summable.\n    AlphaEvolve is allowed to change this.\n    \"\"\"\n    return c / ((k + 1) ** p)\n\n\ndef update_rho(\n    rho,\n    k,\n    r_norm,\n    s_norm,\n    mu=3.0,\n    c=1.0,\n    p=1.2,\n    eps=1e-12,\n):\n    \"\"\"\n    Adaptive ADMM penalty update rule.\n\n    Inputs:\n        rho    : current penalty parameter\n        k      : iteration index\n        r_norm : ||primal residual||\n        s_norm : ||dual residual||\n    Outputs:\n        new_rho : updated rho\n        aux     : any auxiliary scalar (logged but not used)\n        mode    : string label (\"mul\", \"div\", \"keep\", etc.)\n\n    AlphaEvolve may change the internal logic,\n    but MUST respect the signature and return types.\n    \"\"\"\n\n    t = tau(k, c, p)\n    # Compute ratio with safeguards\n    ratio = (r_norm + eps) / (s_norm + eps)\n    \n    # If ratio is too large, increase rho; if too small, decrease rho\n    # Use sqrt(ratio) for smooth adjustment, bounded and dampened by t\n    if ratio > mu:\n        # Increase rho\n        adj = np.sqrt(ratio)\n        adj = min(adj, 2.0)  # Bound adjustment\n        fac = 1.0 + t * (adj - 1.0)\n        new_rho = rho * fac\n        mode = \"mul\"\n    elif ratio < 1.0 / mu:\n        # Decrease rho\n        adj = np.sqrt(1.0 / ratio)\n        adj = min(adj, 2.0)\n        fac = 1.0 + t * (adj - 1.0)\n        new_rho = rho / fac\n        mode = \"div\"\n    else:\n        new_rho = rho\n        mode = \"keep\"\n    \n    # Clip rho to a reasonable range for numerical stability\n    rho_min = 1e-6\n    rho_max = 1e6\n    if new_rho > rho_max:\n        new_rho = rho_max\n        mode = \"clip\"\n    elif new_rho < rho_min:\n        new_rho = rho_min\n        mode = \"clip\"\n    \n    return new_rho, t, mode\n\n```\nKey features: Performs well on combined_score (0.0767), Performs well on metrics ({'converged': True, 'iters': 13, 'combined_score': 0.0766992980527246}), Performs well on artifacts ({'status': 'CONVERGED', 'iterations': 13, 'eval_time': '0.024s'})\n\n\n\n## Diverse Programs\n\n### Program D1 (Score: 0.0767)\n```python\n# initial_program.py\n# This file is evolved by AlphaEvolve\n# Only update_rho (and helpers) should be modified\n\nimport numpy as np\n\n\ndef tau(k, c=1.0, p=1.2):\n    \"\"\"\n    Diminishing step size, must be summable.\n    AlphaEvolve is allowed to change this.\n    \"\"\"\n    return c / ((k + 1) ** p)\n\n\ndef update_rho(\n    rho,\n    k,\n    r_norm,\n    s_norm,\n    mu=3.0,\n    c=1.0,\n    p=1.2,\n    eps=1e-12,\n):\n    \"\"\"\n    Adaptive ADMM penalty update rule.\n\n    Inputs:\n        rho    : current penalty parameter\n        k      : iteration index\n        r_norm : ||primal residual||\n        s_norm : ||dual residual||\n    Outputs:\n        new_rho : updated rho\n        aux     : any auxiliary scalar (logged but not used)\n        mode    : string label (\"mul\", \"div\", \"keep\", etc.)\n\n    AlphaEvolve may change the internal logic,\n    but MUST respect the signature and return types.\n    \"\"\"\n\n    t = tau(k, c, p)\n    # Compute the ratio of residuals, avoiding division by zero\n    ratio = (r_norm + eps) / (s_norm + eps)\n    \n    # Target ratio is 1, so we want ratio to be close to 1\n    # If ratio > mu, primal residual is too large -> increase rho\n    # If ratio < 1/mu, dual residual is too large -> decrease rho\n    # Use a smoother update factor based on sqrt(ratio) dampened by t\n    # Cap the maximum adjustment to avoid extreme changes\n    if ratio > mu:\n        # Increase rho by factor proportional to sqrt(ratio)\n        # But dampen with t to avoid large jumps in later iterations\n        adj = np.sqrt(ratio)\n        # Bound adjustment between 1.0 and 2.0\n        adj = min(adj, 2.0)\n        fac = 1.0 + t * (adj - 1.0)\n        return rho * fac, t, \"mul\"\n    elif ratio < 1.0 / mu:\n        # Decrease rho\n        adj = np.sqrt(1.0 / ratio)\n        adj = min(adj, 2.0)\n        fac = 1.0 + t * (adj - 1.0)\n        return rho / fac, t, \"div\"\n    else:\n        return rho, t, \"keep\"\n\n```\nKey features: Alternative approach to combined_score, Alternative approach to metrics\n\n### Program D2 (Score: 0.0767)\n```python\n# initial_program.py\n# This file is evolved by AlphaEvolve\n# Only update_rho (and helpers) should be modified\n\nimport numpy as np\n\n\ndef tau(k, c=1.0, p=1.2):\n    \"\"\"\n    Diminishing step size, must be summable.\n    AlphaEvolve is allowed to change this.\n    \"\"\"\n    return c / ((k + 1) ** p)\n\n\ndef update_rho(\n    rho,\n    k,\n    r_norm,\n    s_norm,\n    mu=3.0,\n    c=1.0,\n    p=1.2,\n    eps=1e-12,\n):\n    \"\"\"\n    Adaptive ADMM penalty update rule.\n\n    Inputs:\n        rho    : current penalty parameter\n        k      : iteration index\n        r_norm : ||primal residual||\n        s_norm : ||dual residual||\n    Outputs:\n        new_rho : updated rho\n        aux     : any auxiliary scalar (logged but not used)\n        mode    : string label (\"mul\", \"div\", \"keep\", etc.)\n\n    AlphaEvolve may change the internal logic,\n    but MUST respect the signature and return types.\n    \"\"\"\n    t = tau(k, c, p)\n    # Compute the ratio of residuals, avoiding division by zero\n    ratio = (r_norm + eps) / (s_norm + eps)\n    \n    # Target ratio is 1, so we want ratio to be close to 1\n    # If ratio > mu, primal residual is too large -> increase rho\n    # If ratio < 1/mu, dual residual is too large -> decrease rho\n    # Use a smoother update factor based on sqrt(ratio) dampened by t\n    # Cap the maximum adjustment to avoid extreme changes\n    if ratio > mu:\n        # Increase rho by factor proportional to sqrt(ratio)\n        # But dampen with t to avoid large jumps in later iterations\n        adj = np.sqrt(ratio)\n        # Bound adjustment between 1.0 and 2.0\n        adj = min(adj, 2.0)\n        fac = 1.0 + t * (adj - 1.0)\n        return rho * fac, t, \"mul\"\n    elif ratio < 1.0 / mu:\n        # Decrease rho\n        adj = np.sqrt(1.0 / ratio)\n        adj = min(adj, 2.0)\n        fac = 1.0 + t * (adj - 1.0)\n        return rho / fac, t, \"div\"\n    else:\n        return rho, t, \"keep\"\n\n```\nKey features: Alternative approach to combined_score, Alternative approach to metrics\n\n## Inspiration Programs\n\nThese programs represent diverse approaches and creative solutions that may inspire new ideas:\n\n### Inspiration 1 (Score: 0.0764, Type: Exploratory)\n```python\n# initial_program.py\n# This file is evolved by AlphaEvolve\n# Only update_rho (and helpers) should be modified\n\nimport numpy as np\n\n\ndef tau(k, c=1.0, p=1.2):\n    \"\"\"\n    Diminishing step size, must be summable.\n    AlphaEvolve is allowed to change this.\n    \"\"\"\n    return c / ((k + 1) ** p)\n\n\ndef update_rho(\n    rho,\n    k,\n    r_norm,\n    s_norm,\n    mu=3.0,\n    c=1.0,\n    p=1.2,\n    eps=1e-12,\n):\n    \"\"\"\n    Adaptive ADMM penalty update rule.\n\n    Inputs:\n        rho    : current penalty parameter\n        k      : iteration index\n        r_norm : ||primal residual||\n        s_norm : ||dual residual||\n    Outputs:\n        new_rho : updated rho\n        aux     : any auxiliary scalar (logged but not used)\n        mode    : string label (\"mul\", \"div\", \"keep\", etc.)\n\n    AlphaEvolve may change the internal logic,\n    but MUST respect the signature and return types.\n    \"\"\"\n\n    t = tau(k, c, p)\n    # Early iterations: more aggressive, later: more conservative\n    # Use a dynamic threshold that tightens over time\n    # mu is scaled by (1 + t) to be more permissive early, stricter later\n    # Make threshold more balanced: early iterations have higher threshold to allow exploration\n    # Later iterations have threshold closer to mu for precise balance\n    dynamic_mu = mu * (1.0 + 3.0 * t)  # More aggressive early permissiveness\n    \n    # Compute the ratio of residuals\n    ratio = r_norm / max(s_norm, eps)\n    \n    # Determine update factor based on iteration\n    # Early iterations: more aggressive updates (larger factor)\n    # Later iterations: smaller updates for stability\n    # Use t to control aggressiveness: t is large early, small later\n    # We want update factor to be between 1.2 and 2.0 early, and 1.05 and 1.2 later\n    base_factor = 1.2 + 0.8 * t  # Early: up to 2.0, later: approaches 1.2\n    \n    if ratio > dynamic_mu:\n        # Increase rho to reduce primal residual\n        # Use a factor that's proportional to the square root of the ratio, but bounded\n        # Make it more aggressive early on\n        raw_factor = np.sqrt(ratio)\n        # Scale by base_factor, but ensure it's not too extreme\n        fac = min(raw_factor, base_factor)\n        # Ensure minimum update\n        fac = max(fac, 1.05)\n        new_rho = rho * fac\n        mode = \"mul\"\n    elif 1.0 / ratio > dynamic_mu:\n        # Decrease rho to reduce dual residual\n        raw_factor = np.sqrt(1.0 / ratio)\n        fac = min(raw_factor, base_factor)\n        fac = max(fac, 1.05)\n        new_rho = rho / fac\n        mode = \"div\"\n    else:\n        new_rho = rho\n        mode = \"keep\"\n    \n    # Ensure rho doesn't become too large or too small\n    # Clip to a reasonable range\n    rho_min = 1e-6\n    rho_max = 1e6\n    new_rho = max(rho_min, min(new_rho, rho_max))\n    \n    return new_rho, t, mode\n\n```\nUnique approach: [Fragment formatting error: 'metric_name'], NumPy-based implementation, Comprehensive implementation\n\n### Inspiration 2 (Score: 0.0687, Type: Exploratory)\n```python\n# initial_program.py\n# This file is evolved by AlphaEvolve\n# Only update_rho (and helpers) should be modified\n\nimport numpy as np\n\n\ndef tau(k, c=1.0, p=1.2):\n    \"\"\"\n    Diminishing step size, must be summable.\n    AlphaEvolve is allowed to change this.\n    \"\"\"\n    return c / ((k + 1) ** p)\n\n\ndef update_rho(\n    rho,\n    k,\n    r_norm,\n    s_norm,\n    mu=3.0,\n    c=1.0,\n    p=1.2,\n    eps=1e-12,\n):\n    \"\"\"\n    Adaptive ADMM penalty update rule.\n\n    Inputs:\n        rho    : current penalty parameter\n        k      : iteration index\n        r_norm : ||primal residual||\n        s_norm : ||dual residual||\n    Outputs:\n        new_rho : updated rho\n        aux     : any auxiliary scalar (logged but not used)\n        mode    : string label (\"mul\", \"div\", \"keep\", etc.)\n\n    AlphaEvolve may change the internal logic,\n    but MUST respect the signature and return types.\n    \"\"\"\n    # Adjust mu to be more aggressive early and more stable later\n    # Start with mu=3.0 and approach 2.0 as k increases\n    dynamic_mu = 3.0 - 1.0 * min(k / 50.0, 1.0)\n    \n    # Compute ratio with safeguards\n    ratio = r_norm / max(s_norm, eps)\n    log_ratio = np.log(ratio) if ratio > 0 else 0.0\n    \n    # Determine update factor based on the ratio and iteration\n    t = tau(k, c, p)\n    # Base factor: more aggressive updates when residuals are imbalanced\n    # Use a sigmoid-like function to bound the factor between 1.1 and 1.5 early, and 1.05 and 1.2 later\n    base_aggression = 1.5 - 0.4 * min(k / 100.0, 1.0)\n    # Adjust factor based on log ratio magnitude\n    if abs(log_ratio) > 0.1:\n        # When ratio is far from 1, be more aggressive\n        factor = base_aggression + 0.1 * min(abs(log_ratio), 2.0)\n    else:\n        factor = 1.05 + t\n    \n    # Ensure factor is within reasonable bounds\n    factor = min(max(factor, 1.01), 2.0)\n    \n    # Update decision\n    if r_norm > dynamic_mu * max(s_norm, eps):\n        return rho * factor, t, \"mul\"\n    elif s_norm > dynamic_mu * max(r_norm, eps):\n        return rho / factor, t, \"div\"\n    else:\n        return rho, t, \"keep\"\n\n```\nUnique approach: Modification:, [Fragment formatting error: 'metric_name'], NumPy-based implementation\n\n### Inspiration 3 (Score: 0.0766, Type: Exploratory)\n```python\n# initial_program.py\n# This file is evolved by AlphaEvolve\n# Only update_rho (and helpers) should be modified\n\nimport numpy as np\n\n\ndef tau(k, c=1.0, p=1.2):\n    \"\"\"\n    Diminishing step size, must be summable.\n    AlphaEvolve is allowed to change this.\n    \"\"\"\n    return c / ((k + 1) ** p)\n\n\ndef compute_adjustment_factor(ratio, k, base=0.85):\n    \"\"\"\n    Compute adjustment factor based on residual ratio and iteration.\n    \"\"\"\n    # Diminishing influence over iterations\n    t = tau(k)\n    # Target ratio is 1, so if ratio > 1, rho should increase\n    # Use sqrt to make adjustments more moderate\n    # Clip the adjustment to prevent extreme changes\n    adj = np.sqrt(ratio)\n    # Bound the adjustment between 0.5 and 2.0\n    adj = np.clip(adj, 0.5, 2.0)\n    # Blend with base factor, with diminishing influence over iterations\n    factor = base + (adj - base) * np.exp(-k / 10.0)\n    return factor\n\n\ndef update_rho(\n    rho,\n    k,\n    r_norm,\n    s_norm,\n    mu=3.0,\n    c=1.0,\n    p=1.2,\n    eps=1e-12,\n):\n    \"\"\"\n    Adaptive ADMM penalty update rule.\n\n    Inputs:\n        rho    : current penalty parameter\n        k      : iteration index\n        r_norm : ||primal residual||\n        s_norm : ||dual residual||\n    Outputs:\n        new_rho : updated rho\n        aux     : any auxiliary scalar (logged but not used)\n        mode    : string label (\"mul\", \"div\", \"keep\", etc.)\n\n    AlphaEvolve may change the internal logic,\n    but MUST respect the signature and return types.\n    \"\"\"\n    # Compute the ratio of residuals\n    ratio = r_norm / max(s_norm, eps)\n    \n    # If both residuals are very small, keep rho\n    if r_norm < eps and s_norm < eps:\n        return rho, 0.0, \"keep\"\n    \n    # Determine if we need to adjust rho\n    # Use a dynamic threshold that tightens over iterations\n    # Early iterations: be more aggressive (larger mu)\n    # Later iterations: be more conservative (smaller mu)\n    dynamic_mu = mu * (1.0 + 2.0 * np.exp(-k / 5.0))\n    \n    if ratio > dynamic_mu:\n        # Primal residual is too large relative to dual residual\n        # Increase rho to prioritize primal feasibility\n        factor = compute_adjustment_factor(ratio, k)\n        new_rho = rho * factor\n        return new_rho, factor, \"mul\"\n    elif 1.0 / ratio > dynamic_mu:\n        # Dual residual is too large relative to primal residual\n        # Decrease rho to prioritize dual feasibility\n        factor = compute_adjustment_factor(1.0 / ratio, k)\n        new_rho = rho / factor\n        return new_rho, factor, \"div\"\n    else:\n        # Residuals are balanced\n        return rho, 1.0, \"keep\"\n\n```\nUnique approach: Modification:, [Fragment formatting error: 'metric_name'], NumPy-based implementation\n\n# Current Program\n```python\n# initial_program.py\n# This file is evolved by AlphaEvolve\n# Only update_rho (and helpers) should be modified\n\nimport numpy as np\n\n\ndef tau(k, c=1.0, p=1.2):\n    \"\"\"\n    Diminishing step size, must be summable.\n    AlphaEvolve is allowed to change this.\n    \"\"\"\n    return c / ((k + 1) ** p)\n\n\ndef update_rho(\n    rho,\n    k,\n    r_norm,\n    s_norm,\n    mu=3.0,\n    c=1.0,\n    p=1.2,\n    eps=1e-12,\n):\n    \"\"\"\n    Adaptive ADMM penalty update rule.\n\n    Inputs:\n        rho    : current penalty parameter\n        k      : iteration index\n        r_norm : ||primal residual||\n        s_norm : ||dual residual||\n    Outputs:\n        new_rho : updated rho\n        aux     : any auxiliary scalar (logged but not used)\n        mode    : string label (\"mul\", \"div\", \"keep\", etc.)\n\n    AlphaEvolve may change the internal logic,\n    but MUST respect the signature and return types.\n    \"\"\"\n    # Adjust mu based on iteration to be more aggressive early on\n    # For early iterations, use a smaller threshold to update more frequently\n    if k < 10:\n        effective_mu = 2.0\n    else:\n        effective_mu = mu\n    \n    # Compute the ratio of residuals, handling small values\n    r_ratio = r_norm / max(s_norm, eps)\n    s_ratio = s_norm / max(r_norm, eps)\n    \n    # Determine update factor based on iteration\n    # Early iterations: larger updates, later: smaller updates\n    if k < 5:\n        base_factor = 1.5\n    elif k < 20:\n        base_factor = 1.2\n    else:\n        base_factor = 1.1\n    \n    # Use tau to add diminishing component\n    t = tau(k, c, p)\n    # The adjustment factor should be between base_factor and 1/base_factor\n    # But we want to make sure updates are not too small\n    if r_ratio > effective_mu:\n        # Primal residual is too large relative to dual residual\n        # Increase rho to penalize primal infeasibility more\n        # Use a factor that decreases with iterations\n        factor = base_factor - t\n        # Ensure factor is at least 1.05\n        factor = max(factor, 1.05)\n        new_rho = rho * factor\n        mode = \"mul\"\n    elif s_ratio > effective_mu:\n        # Dual residual is too large relative to primal residual\n        # Decrease rho to penalize dual infeasibility more\n        factor = base_factor - t\n        factor = max(factor, 1.05)\n        new_rho = rho / factor\n        mode = \"div\"\n    else:\n        # Both residuals are balanced\n        new_rho = rho\n        mode = \"keep\"\n    \n    # For numerical stability, bound rho between 1e-6 and 1e6\n    new_rho = max(min(new_rho, 1e6), 1e-6)\n    \n    # Use the ratio as auxiliary information\n    aux = r_ratio if r_ratio > s_ratio else s_ratio\n    return new_rho, aux, mode\n\n```\n\n# Task\nSuggest improvements to the program that will improve its FITNESS SCORE.\nThe system maintains diversity across these dimensions: complexity, diversity\nDifferent solutions with similar fitness but different features are valuable.\n\nYou MUST use the exact SEARCH/REPLACE diff format shown below to indicate changes:\n\n<<<<<<< SEARCH\n# Original code to find and replace (must match exactly)\n=======\n# New replacement code\n>>>>>>> REPLACE\n\nExample of valid diff format:\n<<<<<<< SEARCH\nfor i in range(m):\n    for j in range(p):\n        for k in range(n):\n            C[i, j] += A[i, k] * B[k, j]\n=======\n# Reorder loops for better memory access pattern\nfor i in range(m):\n    for k in range(n):\n        for j in range(p):\n            C[i, j] += A[i, k] * B[k, j]\n>>>>>>> REPLACE\n\nYou can suggest multiple changes. Each SEARCH section must exactly match code in the current program.\nBe thoughtful about your changes and explain your reasoning thoroughly.\n\nIMPORTANT: Do not rewrite the entire program - focus on targeted improvements.", "responses": ["Looking at the current program, it's performing well with a fitness score of 0.0826 and 12 iterations. However, there are some areas for improvement:\n\n1. The update logic uses `base_factor - t` which can be problematic because `t` is positive and decreases with iterations. This makes the factor approach `base_factor` from below, which might not be the intended behavior.\n2. The update factors are fixed based on iteration ranges, which may not adapt well to different problem characteristics.\n3. The auxiliary value is the larger ratio, which doesn't provide additional information about the update.\n\nLet's focus on making the update more adaptive and numerically robust while maintaining simplicity. I'll propose a few changes:\n\n1. Use a smoother approach to compute the update factor based on the residual ratio.\n2. Incorporate both residuals in a balanced way.\n3. Ensure the update factor is always greater than 1 to avoid division by zero issues.\n\nHere are the changes:\n\n<<<<<<< SEARCH\n    # Adjust mu based on iteration to be more aggressive early on\n    # For early iterations, use a smaller threshold to update more frequently\n    if k < 10:\n        effective_mu = 2.0\n    else:\n        effective_mu = mu\n    \n    # Compute the ratio of residuals, handling small values\n    r_ratio = r_norm / max(s_norm, eps)\n    s_ratio = s_norm / max(r_norm, eps)\n    \n    # Determine update factor based on iteration\n    # Early iterations: larger updates, later: smaller updates\n    if k < 5:\n        base_factor = 1.5\n    elif k < 20:\n        base_factor = 1.2\n    else:\n        base_factor = 1.1\n    \n    # Use tau to add diminishing component\n    t = tau(k, c, p)\n    # The adjustment factor should be between base_factor and 1/base_factor\n    # But we want to make sure updates are not too small\n    if r_ratio > effective_mu:\n        # Primal residual is too large relative to dual residual\n        # Increase rho to penalize primal infeasibility more\n        # Use a factor that decreases with iterations\n        factor = base_factor - t\n        # Ensure factor is at least 1.05\n        factor = max(factor, 1.05)\n        new_rho = rho * factor\n        mode = \"mul\"\n    elif s_ratio > effective_mu:\n        # Dual residual is too large relative to primal residual\n        # Decrease rho to penalize dual infeasibility more\n        factor = base_factor - t\n        factor = max(factor, 1.05)\n        new_rho = rho / factor\n        mode = \"div\"\n    else:\n        # Both residuals are balanced\n        new_rho = rho\n        mode = \"keep\"\n    \n    # For numerical stability, bound rho between 1e-6 and 1e6\n    new_rho = max(min(new_rho, 1e6), 1e-6)\n    \n    # Use the ratio as auxiliary information\n    aux = r_ratio if r_ratio > s_ratio else s_ratio\n    return new_rho, aux, mode\n=======\n    # Compute the ratio of residuals, handling small values\n    ratio = r_norm / max(s_norm, eps)\n    \n    # Adjust mu based on iteration: more aggressive early, more stable later\n    # Early iterations: lower threshold to update more frequently\n    if k < 10:\n        effective_mu = 2.0\n    else:\n        effective_mu = mu\n    \n    # Determine update factor based on the ratio and iteration\n    # Use a smoother function: sqrt(ratio) gives moderate adjustments\n    # Bound the adjustment between 1.1 and 2.0\n    t = tau(k, c, p)\n    \n    # Compute base factor that diminishes with iterations\n    # Start with 1.5 for early iterations, then 1.2, then 1.1\n    if k < 5:\n        base_factor = 1.5\n    elif k < 20:\n        base_factor = 1.2\n    else:\n        base_factor = 1.1\n    \n    # Update logic\n    if ratio > effective_mu:\n        # Primal residual too large: increase rho\n        # Use sqrt(ratio) to make adjustment proportional to imbalance\n        raw_factor = np.sqrt(ratio)\n        # Blend with base_factor using t for smooth transition\n        factor = base_factor + (raw_factor - base_factor) * t\n        # Ensure factor is within reasonable bounds\n        factor = min(max(factor, 1.05), 2.0)\n        new_rho = rho * factor\n        mode = \"mul\"\n    elif 1.0 / ratio > effective_mu:\n        # Dual residual too large: decrease rho\n        raw_factor = np.sqrt(1.0 / ratio)\n        factor = base_factor + (raw_factor - base_factor) * t\n        factor = min(max(factor, 1.05), 2.0)\n        new_rho = rho / factor\n        mode = \"div\"\n    else:\n        # Balanced residuals\n        new_rho = rho\n        mode = \"keep\"\n    \n    # For numerical stability, bound rho between 1e-6 and 1e6\n    new_rho = max(min(new_rho, 1e6), 1e-6)\n    \n    # Use the log ratio as auxiliary information (more informative)\n    aux = np.log(ratio) if ratio > 0 else -np.inf\n    return new_rho, aux, mode\n>>>>>>> REPLACE\n\nExplanation of changes:\n1. Instead of computing two separate ratios (r_ratio and s_ratio), we compute a single ratio `r_norm/s_norm`. This is more standard in ADMM.\n2. The update factor now uses `sqrt(ratio)` which provides a smoother adjustment that's proportional to the imbalance.\n3. The factor is computed by blending `base_factor` and `raw_factor` using `t` (which diminishes over time). This ensures early iterations are more responsive to the actual ratio, while later iterations rely more on the base factor for stability.\n4. The auxiliary value is now the log ratio, which is symmetric around zero and provides more information about the direction and magnitude of imbalance.\n5. The bounds on the factor are set between 1.05 and 2.0 to prevent extreme updates.\n\nThis approach should maintain the good performance while potentially improving convergence by being more adaptive to the actual residual imbalance. The use of `sqrt(ratio)` helps to moderate large imbalances without being too aggressive, which can lead to oscillations."]}}, "artifacts_json": null, "artifact_dir": null, "embedding": null}