{"id": "568f18c6-4849-4520-96fa-40b60171e06e", "code": "# initial_program.py\n# This file is evolved by AlphaEvolve\n# Only update_rho (and helpers) should be modified\n\nimport numpy as np\n\n\ndef tau(k, c=1.0, p=1.2):\n    \"\"\"\n    Diminishing step size, must be summable.\n    AlphaEvolve is allowed to change this.\n    \"\"\"\n    return c / ((k + 1) ** p)\n\n\ndef update_rho(\n    rho,\n    k,\n    r_norm,\n    s_norm,\n    mu=3.0,\n    c=1.0,\n    p=1.2,\n    eps=1e-12,\n):\n    \"\"\"\n    Adaptive ADMM penalty update rule.\n\n    Inputs:\n        rho    : current penalty parameter\n        k      : iteration index\n        r_norm : ||primal residual||\n        s_norm : ||dual residual||\n    Outputs:\n        new_rho : updated rho\n        aux     : any auxiliary scalar (logged but not used)\n        mode    : string label (\"mul\", \"div\", \"keep\", etc.)\n\n    AlphaEvolve may change the internal logic,\n    but MUST respect the signature and return types.\n    \"\"\"\n    # Adjust mu based on iteration: more aggressive early (update more frequently)\n    if k < 10:\n        effective_mu = 2.0\n    else:\n        effective_mu = mu\n    \n    # Compute ratios\n    r_ratio = r_norm / max(s_norm, eps)\n    s_ratio = s_norm / max(r_norm, eps)\n    \n    # Determine base factor based on iteration: larger updates early, smaller later\n    if k < 5:\n        base_factor = 1.5\n    elif k < 20:\n        base_factor = 1.2\n    else:\n        base_factor = 1.1\n    \n    # Use tau to add diminishing component\n    t = tau(k, c, p)\n    \n    # Update logic\n    if r_ratio > effective_mu:\n        # Primal residual too large: increase rho\n        factor = max(base_factor - t, 1.05)\n        new_rho = rho * factor\n        mode = \"mul\"\n    elif s_ratio > effective_mu:\n        # Dual residual too large: decrease rho\n        factor = max(base_factor - t, 1.05)\n        new_rho = rho / factor\n        mode = \"div\"\n    else:\n        # Balanced residuals\n        new_rho = rho\n        mode = \"keep\"\n    \n    # Numerical stability: bound rho\n    new_rho = max(min(new_rho, 1e6), 1e-6)\n    \n    # Auxiliary value: use the larger ratio\n    aux = r_ratio if r_ratio > s_ratio else s_ratio\n    return new_rho, aux, mode\n", "language": "python", "parent_id": "259f4c0a-a60e-4579-a5c4-2fd277a65a3c", "generation": 2, "timestamp": 1768219229.011233, "iteration_found": 14, "metrics": {"combined_score": 0.08261401069195577, "metrics": {"converged": true, "iters": 12, "combined_score": 0.08261401069195577}, "artifacts": {"status": "CONVERGED", "iterations": 12, "eval_time": "0.019s"}}, "complexity": 0.0, "diversity": 0.0, "metadata": {"changes": "Change 1: Replace 56 lines with 69 lines", "parent_metrics": {"combined_score": 0.06870474147754688, "metrics": {"converged": true, "iters": 14, "combined_score": 0.06870474147754688}, "artifacts": {"status": "CONVERGED", "iterations": 14, "eval_time": "0.034s"}}, "island": 0}, "prompts": {"diff_user": {"system": "You are an expert in numerical optimization and ADMM algorithms.\n\nYour task is to improve the function update_rho(rho, k, r_norm, s_norm, ...)\nused to adaptively update the ADMM penalty parameter.\n\nGoals:\n- Achieve faster convergence (fewer ADMM iterations)\n- Maintain numerical stability (avoid oscillating rho)\n- Balance primal and dual residuals efficiently\n\nConstraints:\n- You may ONLY modify the body of update_rho and helper functions in initial_program.py\n- The function signature and return types must remain unchanged\n- The code must be deterministic and numerically safe\n\nHints:\n- Consider using ratios or log-ratios of r_norm and s_norm\n- Early iterations may benefit from aggressive updates\n- Later iterations should favor stability\n- Piecewise or stateful strategies are allowed\n", "user": "# Current Program Information\n- Fitness: 0.0687\n- Feature coordinates: \n- Focus areas: - Fitness declined: 0.0767 \u2192 0.0687. Consider revising recent changes.\n- No feature coordinates\n- Consider simplifying - code length exceeds 500 characters\n\n\n\n# Program Evolution History\n## Previous Attempts\n\n### Attempt 3\n- Changes: Change 1: Replace 37 lines with 68 lines\n- Metrics: combined_score: 0.0767, metrics: {'converged': True, 'iters': 13, 'combined_score': 0.07669310862140852}, artifacts: {'status': 'CONVERGED', 'iterations': 13, 'eval_time': '0.010s'}\n- Outcome: Improvement in all metrics\n\n### Attempt 2\n- Changes: Change 1: Replace 10 lines with 19 lines\nChange 2: Replace 19 lines with 25 lines\n- Metrics: combined_score: 0.0767, metrics: {'converged': True, 'iters': 13, 'combined_score': 0.0766992980527246}, artifacts: {'status': 'CONVERGED', 'iterations': 13, 'eval_time': '0.007s'}\n- Outcome: Improvement in all metrics\n\n### Attempt 1\n- Changes: Change 1: Replace 37 lines with 77 lines\n- Metrics: combined_score: 0.0826, metrics: {'converged': True, 'iters': 12, 'combined_score': 0.08261401069195577}, artifacts: {'status': 'CONVERGED', 'iterations': 12, 'eval_time': '0.008s'}\n- Outcome: Improvement in all metrics\n\n## Top Performing Programs\n\n### Program 1 (Score: 0.0826)\n```python\n# initial_program.py\n# This file is evolved by AlphaEvolve\n# Only update_rho (and helpers) should be modified\n\nimport numpy as np\n\n\ndef tau(k, c=1.0, p=1.2):\n    \"\"\"\n    Diminishing step size, must be summable.\n    AlphaEvolve is allowed to change this.\n    \"\"\"\n    return c / ((k + 1) ** p)\n\n\ndef update_rho(\n    rho,\n    k,\n    r_norm,\n    s_norm,\n    mu=3.0,\n    c=1.0,\n    p=1.2,\n    eps=1e-12,\n):\n    \"\"\"\n    Adaptive ADMM penalty update rule.\n\n    Inputs:\n        rho    : current penalty parameter\n        k      : iteration index\n        r_norm : ||primal residual||\n        s_norm : ||dual residual||\n    Outputs:\n        new_rho : updated rho\n        aux     : any auxiliary scalar (logged but not used)\n        mode    : string label (\"mul\", \"div\", \"keep\", etc.)\n\n    AlphaEvolve may change the internal logic,\n    but MUST respect the signature and return types.\n    \"\"\"\n    # Adjust mu based on iteration to be more aggressive early on\n    # For early iterations, use a smaller threshold to update more frequently\n    if k < 10:\n        effective_mu = 2.0\n    else:\n        effective_mu = mu\n    \n    # Compute the ratio of residuals, handling small values\n    r_ratio = r_norm / max(s_norm, eps)\n    s_ratio = s_norm / max(r_norm, eps)\n    \n    # Determine update factor based on iteration\n    # Early iterations: larger updates, later: smaller updates\n    if k < 5:\n        base_factor = 1.5\n    elif k < 20:\n        base_factor = 1.2\n    else:\n        base_factor = 1.1\n    \n    # Use tau to add diminishing component\n    t = tau(k, c, p)\n    # The adjustment factor should be between base_factor and 1/base_factor\n    # But we want to make sure updates are not too small\n    if r_ratio > effective_mu:\n        # Primal residual is too large relative to dual residual\n        # Increase rho to penalize primal infeasibility more\n        # Use a factor that decreases with iterations\n        factor = base_factor - t\n        # Ensure factor is at least 1.05\n        factor = max(factor, 1.05)\n        new_rho = rho * factor\n        mode = \"mul\"\n    elif s_ratio > effective_mu:\n        # Dual residual is too large relative to primal residual\n        # Decrease rho to penalize dual infeasibility more\n        factor = base_factor - t\n        factor = max(factor, 1.05)\n        new_rho = rho / factor\n        mode = \"div\"\n    else:\n        # Both residuals are balanced\n        new_rho = rho\n        mode = \"keep\"\n    \n    # For numerical stability, bound rho between 1e-6 and 1e6\n    new_rho = max(min(new_rho, 1e6), 1e-6)\n    \n    # Use the ratio as auxiliary information\n    aux = r_ratio if r_ratio > s_ratio else s_ratio\n    return new_rho, aux, mode\n\n```\nKey features: Performs well on combined_score (0.0826), Performs well on metrics ({'converged': True, 'iters': 12, 'combined_score': 0.08261401069195577}), Performs well on artifacts ({'status': 'CONVERGED', 'iterations': 12, 'eval_time': '0.008s'})\n\n### Program 2 (Score: 0.0767)\n```python\n# initial_program.py\n# This file is evolved by AlphaEvolve\n# Only update_rho (and helpers) should be modified\n\nimport numpy as np\n\n\ndef tau(k, c=1.0, p=1.2):\n    \"\"\"\n    Diminishing step size, must be summable.\n    AlphaEvolve is allowed to change this.\n    \"\"\"\n    return c / ((k + 1) ** p)\n\n\ndef update_rho(\n    rho,\n    k,\n    r_norm,\n    s_norm,\n    mu=3.0,\n    c=1.0,\n    p=1.2,\n    eps=1e-12,\n):\n    \"\"\"\n    Adaptive ADMM penalty update rule.\n\n    Inputs:\n        rho    : current penalty parameter\n        k      : iteration index\n        r_norm : ||primal residual||\n        s_norm : ||dual residual||\n    Outputs:\n        new_rho : updated rho\n        aux     : any auxiliary scalar (logged but not used)\n        mode    : string label (\"mul\", \"div\", \"keep\", etc.)\n\n    AlphaEvolve may change the internal logic,\n    but MUST respect the signature and return types.\n    \"\"\"\n\n    t = tau(k, c, p)\n    # Compute the ratio of residuals, avoiding division by zero\n    ratio = (r_norm + eps) / (s_norm + eps)\n    \n    # Target ratio is 1, so we want ratio to be close to 1\n    # If ratio > mu, primal residual is too large -> increase rho\n    # If ratio < 1/mu, dual residual is too large -> decrease rho\n    # Use a smoother update factor based on sqrt(ratio) dampened by t\n    # Cap the maximum adjustment to avoid extreme changes\n    if ratio > mu:\n        # Increase rho by factor proportional to sqrt(ratio)\n        # But dampen with t to avoid large jumps in later iterations\n        adj = np.sqrt(ratio)\n        # Bound adjustment between 1.0 and 2.0\n        adj = min(adj, 2.0)\n        fac = 1.0 + t * (adj - 1.0)\n        return rho * fac, t, \"mul\"\n    elif ratio < 1.0 / mu:\n        # Decrease rho\n        adj = np.sqrt(1.0 / ratio)\n        adj = min(adj, 2.0)\n        fac = 1.0 + t * (adj - 1.0)\n        return rho / fac, t, \"div\"\n    else:\n        return rho, t, \"keep\"\n\n```\nKey features: Performs well on combined_score (0.0767), Performs well on metrics ({'converged': True, 'iters': 13, 'combined_score': 0.0766992980527246}), Performs well on artifacts ({'status': 'CONVERGED', 'iterations': 13, 'eval_time': '0.007s'})\n\n### Program 3 (Score: 0.0767)\n```python\n# initial_program.py\n# This file is evolved by AlphaEvolve\n# Only update_rho (and helpers) should be modified\n\nimport numpy as np\n\n\ndef tau(k, c=1.0, p=1.2):\n    \"\"\"\n    Diminishing step size, must be summable.\n    AlphaEvolve is allowed to change this.\n    \"\"\"\n    return c / ((k + 1) ** p)\n\n\ndef update_rho(\n    rho,\n    k,\n    r_norm,\n    s_norm,\n    mu=3.0,\n    c=1.0,\n    p=1.2,\n    eps=1e-12,\n):\n    \"\"\"\n    Adaptive ADMM penalty update rule.\n\n    Inputs:\n        rho    : current penalty parameter\n        k      : iteration index\n        r_norm : ||primal residual||\n        s_norm : ||dual residual||\n    Outputs:\n        new_rho : updated rho\n        aux     : any auxiliary scalar (logged but not used)\n        mode    : string label (\"mul\", \"div\", \"keep\", etc.)\n\n    AlphaEvolve may change the internal logic,\n    but MUST respect the signature and return types.\n    \"\"\"\n    # Compute the ratio of primal to dual residual\n    ratio = r_norm / (s_norm + eps)\n    \n    # Target ratio is 1 (balanced residuals)\n    # Use log ratio to determine update direction and magnitude\n    log_ratio = np.log(ratio + 1e-16)  # Add small number to avoid log(0)\n    \n    # Determine update magnitude: more aggressive early, conservative later\n    # Use tau to control step size\n    t = tau(k, c, p)\n    \n    # Scale factor based on log ratio and iteration\n    # Clamp the exponent to prevent extreme updates\n    exponent = t * np.tanh(log_ratio)\n    \n    # Bound the update factor between 0.5 and 2.0\n    update_factor = np.exp(exponent)\n    update_factor = np.clip(update_factor, 0.5, 2.0)\n    \n    # Decide whether to update based on how far ratio is from 1\n    # If ratio is within [1/mu, mu], keep rho unchanged\n    if ratio > mu:\n        new_rho = rho * update_factor\n        mode = \"mul\"\n    elif ratio < 1.0/mu:\n        new_rho = rho / update_factor\n        mode = \"div\"\n    else:\n        new_rho = rho\n        mode = \"keep\"\n    \n    # Additional safeguard: prevent rho from becoming too large or too small\n    if new_rho > 1e6:\n        new_rho = 1e6\n        mode = \"clip\"\n    elif new_rho < 1e-6:\n        new_rho = 1e-6\n        mode = \"clip\"\n    \n    # Use log_ratio as auxiliary value\n    aux = log_ratio\n    return new_rho, aux, mode\n\n```\nKey features: Performs well on combined_score (0.0767), Performs well on metrics ({'converged': True, 'iters': 13, 'combined_score': 0.07669310862140852}), Performs well on artifacts ({'status': 'CONVERGED', 'iterations': 13, 'eval_time': '0.010s'})\n\n\n\n## Diverse Programs\n\n### Program D1 (Score: 0.0712)\n```python\n# initial_program.py\n# This file is evolved by AlphaEvolve\n# Only update_rho (and helpers) should be modified\n\nimport numpy as np\n\n\ndef tau(k, c=1.0, p=1.2):\n    \"\"\"\n    Diminishing step size, must be summable.\n    AlphaEvolve is allowed to change this.\n    \"\"\"\n    return c / ((k + 1) ** p)\n\n\ndef update_rho(\n    rho,\n    k,\n    r_norm,\n    s_norm,\n    mu=3.0,\n    c=1.0,\n    p=1.2,\n    eps=1e-12,\n):\n    \"\"\"\n    Adaptive ADMM penalty update rule.\n\n    Inputs:\n        rho    : current penalty parameter\n        k      : iteration index\n        r_norm : ||primal residual||\n        s_norm : ||dual residual||\n    Outputs:\n        new_rho : updated rho\n        aux     : any auxiliary scalar (logged but not used)\n        mode    : string label (\"mul\", \"div\", \"keep\", etc.)\n\n    AlphaEvolve may change the internal logic,\n    but MUST respect the signature and return types.\n    \"\"\"\n\n    t = tau(k, c, p)\n    # Adjust mu to be tighter as iterations increase\n    # Start with a larger threshold early, then reduce to enforce balance\n    mu_adj = mu * (1.0 + 2.0 * np.exp(-0.1 * k))\n    \n    # Dynamic factor: more aggressive early, conservative later\n    # Base factor between 1.1 and 1.5 when k=0, decreasing to around 1.05\n    base_factor = 1.5 - 0.4 * np.tanh(0.1 * k)\n    fac = base_factor + t\n    \n    # Check if residuals are imbalanced\n    if r_norm > mu_adj * max(s_norm, eps):\n        return rho * fac, t, \"mul\"\n    \n    if s_norm > mu_adj * max(r_norm, eps):\n        return rho / fac, t, \"div\"\n    \n    return rho, t, \"keep\"\n\n```\nKey features: Alternative approach to combined_score, Alternative approach to metrics\n\n### Program D2 (Score: 0.0687)\n```python\n# initial_program.py\n# This file is evolved by AlphaEvolve\n# Only update_rho (and helpers) should be modified\n\nimport numpy as np\n\n\ndef tau(k, c=1.0, p=1.2):\n    \"\"\"\n    Diminishing step size, must be summable.\n    AlphaEvolve is allowed to change this.\n    \"\"\"\n    return c / ((k + 1) ** p)\n\n\ndef update_rho(\n    rho,\n    k,\n    r_norm,\n    s_norm,\n    mu=3.0,\n    c=1.0,\n    p=1.2,\n    eps=1e-12,\n):\n    \"\"\"\n    Adaptive ADMM penalty update rule.\n\n    Inputs:\n        rho    : current penalty parameter\n        k      : iteration index\n        r_norm : ||primal residual||\n        s_norm : ||dual residual||\n    Outputs:\n        new_rho : updated rho\n        aux     : any auxiliary scalar (logged but not used)\n        mode    : string label (\"mul\", \"div\", \"keep\", etc.)\n\n    AlphaEvolve may change the internal logic,\n    but MUST respect the signature and return types.\n    \"\"\"\n    # Adjust mu to be more aggressive early and more stable later\n    # Start with mu=3.0 and approach 2.0 as k increases\n    dynamic_mu = 3.0 - 1.0 * min(k / 50.0, 1.0)\n    \n    # Compute ratio with safeguards\n    ratio = r_norm / max(s_norm, eps)\n    log_ratio = np.log(ratio) if ratio > 0 else 0.0\n    \n    # Determine update factor based on the ratio and iteration\n    t = tau(k, c, p)\n    # Base factor: more aggressive updates when residuals are imbalanced\n    # Use a sigmoid-like function to bound the factor between 1.1 and 1.5 early, and 1.05 and 1.2 later\n    base_aggression = 1.5 - 0.4 * min(k / 100.0, 1.0)\n    # Adjust factor based on log ratio magnitude\n    if abs(log_ratio) > 0.1:\n        # When ratio is far from 1, be more aggressive\n        factor = base_aggression + 0.1 * min(abs(log_ratio), 2.0)\n    else:\n        factor = 1.05 + t\n    \n    # Ensure factor is within reasonable bounds\n    factor = min(max(factor, 1.01), 2.0)\n    \n    # Update decision\n    if r_norm > dynamic_mu * max(s_norm, eps):\n        return rho * factor, t, \"mul\"\n    elif s_norm > dynamic_mu * max(r_norm, eps):\n        return rho / factor, t, \"div\"\n    else:\n        return rho, t, \"keep\"\n\n```\nKey features: Alternative approach to combined_score, Alternative approach to metrics\n\n## Inspiration Programs\n\nThese programs represent diverse approaches and creative solutions that may inspire new ideas:\n\n### Inspiration 1 (Score: 0.0826, Type: Exploratory)\n```python\n# initial_program.py\n# This file is evolved by AlphaEvolve\n# Only update_rho (and helpers) should be modified\n\nimport numpy as np\n\n\ndef tau(k, c=1.0, p=1.2):\n    \"\"\"\n    Diminishing step size, must be summable.\n    AlphaEvolve is allowed to change this.\n    \"\"\"\n    return c / ((k + 1) ** p)\n\n\ndef update_rho(\n    rho,\n    k,\n    r_norm,\n    s_norm,\n    mu=3.0,\n    c=1.0,\n    p=1.2,\n    eps=1e-12,\n):\n    \"\"\"\n    Adaptive ADMM penalty update rule.\n\n    Inputs:\n        rho    : current penalty parameter\n        k      : iteration index\n        r_norm : ||primal residual||\n        s_norm : ||dual residual||\n    Outputs:\n        new_rho : updated rho\n        aux     : any auxiliary scalar (logged but not used)\n        mode    : string label (\"mul\", \"div\", \"keep\", etc.)\n\n    AlphaEvolve may change the internal logic,\n    but MUST respect the signature and return types.\n    \"\"\"\n    # Adjust mu based on iteration to be more aggressive early on\n    # For early iterations, use a smaller threshold to update more frequently\n    if k < 10:\n        effective_mu = 2.0\n    else:\n        effective_mu = mu\n    \n    # Compute the ratio of residuals, handling small values\n    r_ratio = r_norm / max(s_norm, eps)\n    s_ratio = s_norm / max(r_norm, eps)\n    \n    # Determine update factor based on iteration\n    # Early iterations: larger updates, later: smaller updates\n    if k < 5:\n        base_factor = 1.5\n    elif k < 20:\n        base_factor = 1.2\n    else:\n        base_factor = 1.1\n    \n    # Use tau to add diminishing component\n    t = tau(k, c, p)\n    # The adjustment factor should be between base_factor and 1/base_factor\n    # But we want to make sure updates are not too small\n    if r_ratio > effective_mu:\n        # Primal residual is too large relative to dual residual\n        # Increase rho to penalize primal infeasibility more\n        # Use a factor that decreases with iterations\n        factor = base_factor - t\n        # Ensure factor is at least 1.05\n        factor = max(factor, 1.05)\n        new_rho = rho * factor\n        mode = \"mul\"\n    elif s_ratio > effective_mu:\n        # Dual residual is too large relative to primal residual\n        # Decrease rho to penalize dual infeasibility more\n        factor = base_factor - t\n        factor = max(factor, 1.05)\n        new_rho = rho / factor\n        mode = \"div\"\n    else:\n        # Both residuals are balanced\n        new_rho = rho\n        mode = \"keep\"\n    \n    # For numerical stability, bound rho between 1e-6 and 1e6\n    new_rho = max(min(new_rho, 1e6), 1e-6)\n    \n    # Use the ratio as auxiliary information\n    aux = r_ratio if r_ratio > s_ratio else s_ratio\n    return new_rho, aux, mode\n\n```\nUnique approach: Modification:, [Fragment formatting error: 'metric_name'], NumPy-based implementation\n\n### Inspiration 2 (Score: 0.0767, Type: Exploratory)\n```python\n# initial_program.py\n# This file is evolved by AlphaEvolve\n# Only update_rho (and helpers) should be modified\n\nimport numpy as np\n\n\ndef tau(k, c=1.0, p=1.2):\n    \"\"\"\n    Diminishing step size, must be summable.\n    AlphaEvolve is allowed to change this.\n    \"\"\"\n    return c / ((k + 1) ** p)\n\n\ndef update_rho(\n    rho,\n    k,\n    r_norm,\n    s_norm,\n    mu=3.0,\n    c=1.0,\n    p=1.2,\n    eps=1e-12,\n):\n    \"\"\"\n    Adaptive ADMM penalty update rule.\n\n    Inputs:\n        rho    : current penalty parameter\n        k      : iteration index\n        r_norm : ||primal residual||\n        s_norm : ||dual residual||\n    Outputs:\n        new_rho : updated rho\n        aux     : any auxiliary scalar (logged but not used)\n        mode    : string label (\"mul\", \"div\", \"keep\", etc.)\n\n    AlphaEvolve may change the internal logic,\n    but MUST respect the signature and return types.\n    \"\"\"\n    # Compute the ratio of primal to dual residual\n    ratio = r_norm / (s_norm + eps)\n    \n    # Target ratio is 1 (balanced residuals)\n    # Use log ratio to determine update direction and magnitude\n    log_ratio = np.log(ratio + 1e-16)  # Add small number to avoid log(0)\n    \n    # Determine update magnitude: more aggressive early, conservative later\n    # Use tau to control step size\n    t = tau(k, c, p)\n    \n    # Scale factor based on log ratio and iteration\n    # Clamp the exponent to prevent extreme updates\n    exponent = t * np.tanh(log_ratio)\n    \n    # Bound the update factor between 0.5 and 2.0\n    update_factor = np.exp(exponent)\n    update_factor = np.clip(update_factor, 0.5, 2.0)\n    \n    # Decide whether to update based on how far ratio is from 1\n    # If ratio is within [1/mu, mu], keep rho unchanged\n    if ratio > mu:\n        new_rho = rho * update_factor\n        mode = \"mul\"\n    elif ratio < 1.0/mu:\n        new_rho = rho / update_factor\n        mode = \"div\"\n    else:\n        new_rho = rho\n        mode = \"keep\"\n    \n    # Additional safeguard: prevent rho from becoming too large or too small\n    if new_rho > 1e6:\n        new_rho = 1e6\n        mode = \"clip\"\n    elif new_rho < 1e-6:\n        new_rho = 1e-6\n        mode = \"clip\"\n    \n    # Use log_ratio as auxiliary value\n    aux = log_ratio\n    return new_rho, aux, mode\n\n```\nUnique approach: Modification:, [Fragment formatting error: 'metric_name'], NumPy-based implementation\n\n### Inspiration 3 (Score: 0.0430, Type: Exploratory)\n```python\n# initial_program.py\n# This file is evolved by AlphaEvolve\n# Only update_rho (and helpers) should be modified\n\nimport numpy as np\n\n\ndef tau(k, c=1.0, p=1.2):\n    \"\"\"\n    Diminishing step size, must be summable.\n    AlphaEvolve is allowed to change this.\n    \"\"\"\n    return c / ((k + 1) ** p)\n\n\ndef update_rho(\n    rho,\n    k,\n    r_norm,\n    s_norm,\n    mu=3.0,\n    c=1.0,\n    p=1.2,\n    eps=1e-12,\n):\n    \"\"\"\n    Adaptive ADMM penalty update rule.\n\n    Inputs:\n        rho    : current penalty parameter\n        k      : iteration index\n        r_norm : ||primal residual||\n        s_norm : ||dual residual||\n    Outputs:\n        new_rho : updated rho\n        aux     : any auxiliary scalar (logged but not used)\n        mode    : string label (\"mul\", \"div\", \"keep\", etc.)\n\n    AlphaEvolve may change the internal logic,\n    but MUST respect the signature and return types.\n    \"\"\"\n\n    t = tau(k, c, p)\n    fac = 0.85 + t\n\n    if r_norm > mu * max(s_norm, eps):\n        return rho * fac, t, \"mul\"\n\n    if s_norm > mu * max(r_norm, eps):\n        return rho / fac, t, \"div\"\n\n    return rho, t, \"keep\"\n\n```\nUnique approach: [Fragment formatting error: 'metric_name'], NumPy-based implementation, Comprehensive implementation\n\n# Current Program\n```python\n# initial_program.py\n# This file is evolved by AlphaEvolve\n# Only update_rho (and helpers) should be modified\n\nimport numpy as np\n\n\ndef tau(k, c=1.0, p=1.2):\n    \"\"\"\n    Diminishing step size, must be summable.\n    AlphaEvolve is allowed to change this.\n    \"\"\"\n    return c / ((k + 1) ** p)\n\n\ndef update_rho(\n    rho,\n    k,\n    r_norm,\n    s_norm,\n    mu=3.0,\n    c=1.0,\n    p=1.2,\n    eps=1e-12,\n):\n    \"\"\"\n    Adaptive ADMM penalty update rule.\n\n    Inputs:\n        rho    : current penalty parameter\n        k      : iteration index\n        r_norm : ||primal residual||\n        s_norm : ||dual residual||\n    Outputs:\n        new_rho : updated rho\n        aux     : any auxiliary scalar (logged but not used)\n        mode    : string label (\"mul\", \"div\", \"keep\", etc.)\n\n    AlphaEvolve may change the internal logic,\n    but MUST respect the signature and return types.\n    \"\"\"\n    # Adjust mu to be more aggressive early and more stable later\n    # Start with mu=3.0 and approach 2.0 as k increases\n    dynamic_mu = 3.0 - 1.0 * min(k / 50.0, 1.0)\n    \n    # Compute ratio with safeguards\n    ratio = r_norm / max(s_norm, eps)\n    log_ratio = np.log(ratio) if ratio > 0 else 0.0\n    \n    # Determine update factor based on the ratio and iteration\n    t = tau(k, c, p)\n    # Base factor: more aggressive updates when residuals are imbalanced\n    # Use a sigmoid-like function to bound the factor between 1.1 and 1.5 early, and 1.05 and 1.2 later\n    base_aggression = 1.5 - 0.4 * min(k / 100.0, 1.0)\n    # Adjust factor based on log ratio magnitude\n    if abs(log_ratio) > 0.1:\n        # When ratio is far from 1, be more aggressive\n        factor = base_aggression + 0.1 * min(abs(log_ratio), 2.0)\n    else:\n        factor = 1.05 + t\n    \n    # Ensure factor is within reasonable bounds\n    factor = min(max(factor, 1.01), 2.0)\n    \n    # Update decision\n    if r_norm > dynamic_mu * max(s_norm, eps):\n        return rho * factor, t, \"mul\"\n    elif s_norm > dynamic_mu * max(r_norm, eps):\n        return rho / factor, t, \"div\"\n    else:\n        return rho, t, \"keep\"\n\n```\n\n# Task\nSuggest improvements to the program that will improve its FITNESS SCORE.\nThe system maintains diversity across these dimensions: complexity, diversity\nDifferent solutions with similar fitness but different features are valuable.\n\nYou MUST use the exact SEARCH/REPLACE diff format shown below to indicate changes:\n\n<<<<<<< SEARCH\n# Original code to find and replace (must match exactly)\n=======\n# New replacement code\n>>>>>>> REPLACE\n\nExample of valid diff format:\n<<<<<<< SEARCH\nfor i in range(m):\n    for j in range(p):\n        for k in range(n):\n            C[i, j] += A[i, k] * B[k, j]\n=======\n# Reorder loops for better memory access pattern\nfor i in range(m):\n    for k in range(n):\n        for j in range(p):\n            C[i, j] += A[i, k] * B[k, j]\n>>>>>>> REPLACE\n\nYou can suggest multiple changes. Each SEARCH section must exactly match code in the current program.\nBe thoughtful about your changes and explain your reasoning thoroughly.\n\nIMPORTANT: Do not rewrite the entire program - focus on targeted improvements.", "responses": ["Looking at the current program, I notice it's quite complex and has many parameters that might not be optimal. The fitness score has declined from 0.0767 to 0.0687, suggesting recent changes may have overcomplicated things. Let's simplify and focus on what works best from the top-performing programs.\n\nThe best program (score 0.0826) uses:\n1. Different effective_mu for early iterations (2.0 for k < 10, else mu=3.0)\n2. Different base factors based on iteration ranges (1.5, 1.2, 1.1)\n3. Uses tau to adjust factor, ensuring at least 1.05\n4. Bounds rho between 1e-6 and 1e6\n\nThe current program uses dynamic_mu that decreases from 3.0 to 2.0 over 50 iterations, and a complex factor calculation. This might be causing instability or slower convergence.\n\nLet's simplify by adopting a strategy similar to the best program, but with some refinements:\n1. Use effective_mu that's more aggressive early (2.0 for k < 10) to update more frequently\n2. Use base factors that are more aggressive early (1.5, 1.2, 1.1) but ensure they don't become too small\n3. Use tau to make updates diminish over time\n4. Add bounds for numerical stability\n\nHere's a revised approach:\n\n<<<<<<< SEARCH\ndef update_rho(\n    rho,\n    k,\n    r_norm,\n    s_norm,\n    mu=3.0,\n    c=1.0,\n    p=1.2,\n    eps=1e-12,\n):\n    \"\"\"\n    Adaptive ADMM penalty update rule.\n\n    Inputs:\n        rho    : current penalty parameter\n        k      : iteration index\n        r_norm : ||primal residual||\n        s_norm : ||dual residual||\n    Outputs:\n        new_rho : updated rho\n        aux     : any auxiliary scalar (logged but not used)\n        mode    : string label (\"mul\", \"div\", \"keep\", etc.)\n\n    AlphaEvolve may change the internal logic,\n    but MUST respect the signature and return types.\n    \"\"\"\n    # Adjust mu to be more aggressive early and more stable later\n    # Start with mu=3.0 and approach 2.0 as k increases\n    dynamic_mu = 3.0 - 1.0 * min(k / 50.0, 1.0)\n    \n    # Compute ratio with safeguards\n    ratio = r_norm / max(s_norm, eps)\n    log_ratio = np.log(ratio) if ratio > 0 else 0.0\n    \n    # Determine update factor based on the ratio and iteration\n    t = tau(k, c, p)\n    # Base factor: more aggressive updates when residuals are imbalanced\n    # Use a sigmoid-like function to bound the factor between 1.1 and 1.5 early, and 1.05 and 1.2 later\n    base_aggression = 1.5 - 0.4 * min(k / 100.0, 1.0)\n    # Adjust factor based on log ratio magnitude\n    if abs(log_ratio) > 0.1:\n        # When ratio is far from 1, be more aggressive\n        factor = base_aggression + 0.1 * min(abs(log_ratio), 2.0)\n    else:\n        factor = 1.05 + t\n    \n    # Ensure factor is within reasonable bounds\n    factor = min(max(factor, 1.01), 2.0)\n    \n    # Update decision\n    if r_norm > dynamic_mu * max(s_norm, eps):\n        return rho * factor, t, \"mul\"\n    elif s_norm > dynamic_mu * max(r_norm, eps):\n        return rho / factor, t, \"div\"\n    else:\n        return rho, t, \"keep\"\n=======\ndef update_rho(\n    rho,\n    k,\n    r_norm,\n    s_norm,\n    mu=3.0,\n    c=1.0,\n    p=1.2,\n    eps=1e-12,\n):\n    \"\"\"\n    Adaptive ADMM penalty update rule.\n\n    Inputs:\n        rho    : current penalty parameter\n        k      : iteration index\n        r_norm : ||primal residual||\n        s_norm : ||dual residual||\n    Outputs:\n        new_rho : updated rho\n        aux     : any auxiliary scalar (logged but not used)\n        mode    : string label (\"mul\", \"div\", \"keep\", etc.)\n\n    AlphaEvolve may change the internal logic,\n    but MUST respect the signature and return types.\n    \"\"\"\n    # Adjust mu based on iteration: more aggressive early (update more frequently)\n    if k < 10:\n        effective_mu = 2.0\n    else:\n        effective_mu = mu\n    \n    # Compute ratios\n    r_ratio = r_norm / max(s_norm, eps)\n    s_ratio = s_norm / max(r_norm, eps)\n    \n    # Determine base factor based on iteration: larger updates early, smaller later\n    if k < 5:\n        base_factor = 1.5\n    elif k < 20:\n        base_factor = 1.2\n    else:\n        base_factor = 1.1\n    \n    # Use tau to add diminishing component\n    t = tau(k, c, p)\n    \n    # Update logic\n    if r_ratio > effective_mu:\n        # Primal residual too large: increase rho\n        factor = max(base_factor - t, 1.05)\n        new_rho = rho * factor\n        mode = \"mul\"\n    elif s_ratio > effective_mu:\n        # Dual residual too large: decrease rho\n        factor = max(base_factor - t, 1.05)\n        new_rho = rho / factor\n        mode = \"div\"\n    else:\n        # Balanced residuals\n        new_rho = rho\n        mode = \"keep\"\n    \n    # Numerical stability: bound rho\n    new_rho = max(min(new_rho, 1e6), 1e-6)\n    \n    # Auxiliary value: use the larger ratio\n    aux = r_ratio if r_ratio > s_ratio else s_ratio\n    return new_rho, aux, mode\n>>>>>>> REPLACE\n\nThis change simplifies the update rule and aligns it with the best-performing program, which achieved a score of 0.0826. Key improvements:\n1. Simpler and more effective mu adjustment: 2.0 for first 10 iterations, then 3.0\n2. Clear base factors: 1.5 for k<5, 1.2 for k<20, 1.1 otherwise\n3. Uses tau to make updates diminish over time, ensuring at least 1.05\n4. Bounds rho for numerical stability\n5. Uses both r_ratio and s_ratio for more balanced decision making\n\nThis should lead to faster convergence (fewer iterations) while maintaining numerical stability, which should improve the fitness score."]}}, "artifacts_json": null, "artifact_dir": null, "embedding": null}