{"id": "7f27a851-02dd-41fa-bc00-ea0f6a3150df", "code": "# initial_program.py\n# This file is evolved by AlphaEvolve\n# Only update_rho (and helpers) should be modified\n\nimport numpy as np\n\n\ndef tau(k, c=1.0, p=1.2):\n    \"\"\"\n    Diminishing step size, must be summable.\n    AlphaEvolve is allowed to change this.\n    \"\"\"\n    return c / ((k + 1) ** p)\n\n\ndef update_rho(\n    rho,\n    k,\n    r_norm,\n    s_norm,\n    mu=3.0,\n    c=1.0,\n    p=1.2,\n    eps=1e-12,\n):\n    \"\"\"\n    Adaptive ADMM penalty update rule.\n\n    Inputs:\n        rho    : current penalty parameter\n        k      : iteration index\n        r_norm : ||primal residual||\n        s_norm : ||dual residual||\n    Outputs:\n        new_rho : updated rho\n        aux     : any auxiliary scalar (logged but not used)\n        mode    : string label (\"mul\", \"div\", \"keep\", etc.)\n\n    AlphaEvolve may change the internal logic,\n    but MUST respect the signature and return types.\n    \"\"\"\n\n    t = tau(k, c, p)\n    # Adjust mu based on iteration: start more permissive, become stricter\n    # For early iterations (k < 10), use a larger threshold to allow exploration\n    if k < 10:\n        dynamic_mu = mu * 2.0\n    else:\n        # Gradually tighten to mu by iteration 50\n        dynamic_mu = mu * (1.0 + np.exp(-0.1 * (k - 10)))\n    \n    # Compute the ratio of residuals\n    ratio = r_norm / max(s_norm, eps)\n    \n    # Determine update factor based on iteration and ratio\n    # Early iterations: more aggressive (up to 2.0), later: more conservative (up to 1.3)\n    if k < 10:\n        base_factor = 1.8\n    elif k < 30:\n        base_factor = 1.5\n    else:\n        base_factor = 1.2\n    \n    # Adjust factor based on how far ratio is from 1, but bounded\n    # Use a smooth function: factor = base_factor + 0.1 * min(|log(ratio)|, 3.0)\n    # This makes updates larger when residuals are more imbalanced\n    if ratio > 0:\n        log_ratio = np.log(ratio)\n        adjustment = 0.1 * min(abs(log_ratio), 3.0)\n    else:\n        adjustment = 0.0\n    factor = base_factor + adjustment\n    \n    # Clip factor to reasonable bounds\n    factor = min(max(factor, 1.05), 2.5)\n    \n    # Update decision\n    if ratio > dynamic_mu:\n        new_rho = rho * factor\n        mode = \"mul\"\n    elif 1.0 / ratio > dynamic_mu:\n        new_rho = rho / factor\n        mode = \"div\"\n    else:\n        new_rho = rho\n        mode = \"keep\"\n    \n    # Ensure rho stays within bounds\n    rho_min = 1e-6\n    rho_max = 1e6\n    new_rho = max(rho_min, min(new_rho, rho_max))\n    \n    return new_rho, t, mode\n", "language": "python", "parent_id": "e1687e83-b1f2-4ad0-8d5a-99701b246bd5", "generation": 2, "timestamp": 1768219182.7310941, "iteration_found": 11, "metrics": {"combined_score": 0.07605803826241896, "metrics": {"converged": true, "iters": 13, "combined_score": 0.07605803826241896}, "artifacts": {"status": "CONVERGED", "iterations": 13, "eval_time": "0.033s"}}, "complexity": 0.0, "diversity": 0.0, "metadata": {"changes": "Change 1: Replace 38 lines with 49 lines", "parent_metrics": {"combined_score": 0.07533695935828097, "metrics": {"converged": true, "iters": 13, "combined_score": 0.07533695935828097}, "artifacts": {"status": "CONVERGED", "iterations": 13, "eval_time": "0.006s"}}, "island": 0}, "prompts": {"diff_user": {"system": "You are an expert in numerical optimization and ADMM algorithms.\n\nYour task is to improve the function update_rho(rho, k, r_norm, s_norm, ...)\nused to adaptively update the ADMM penalty parameter.\n\nGoals:\n- Achieve faster convergence (fewer ADMM iterations)\n- Maintain numerical stability (avoid oscillating rho)\n- Balance primal and dual residuals efficiently\n\nConstraints:\n- You may ONLY modify the body of update_rho and helper functions in initial_program.py\n- The function signature and return types must remain unchanged\n- The code must be deterministic and numerically safe\n\nHints:\n- Consider using ratios or log-ratios of r_norm and s_norm\n- Early iterations may benefit from aggressive updates\n- Later iterations should favor stability\n- Piecewise or stateful strategies are allowed\n", "user": "# Current Program Information\n- Fitness: 0.0753\n- Feature coordinates: \n- Focus areas: - Fitness improved: 0.0687 \u2192 0.0753\n- No feature coordinates\n- Consider simplifying - code length exceeds 500 characters\n\n\n\n# Program Evolution History\n## Previous Attempts\n\n### Attempt 3\n- Changes: Change 1: Replace 37 lines with 56 lines\n- Metrics: combined_score: 0.0687, metrics: {'converged': True, 'iters': 14, 'combined_score': 0.06870474147754688}, artifacts: {'status': 'CONVERGED', 'iterations': 14, 'eval_time': '0.034s'}\n- Outcome: Improvement in all metrics\n\n### Attempt 2\n- Changes: Change 1: Replace 37 lines with 45 lines\n- Metrics: combined_score: 0.0712, metrics: {'converged': True, 'iters': 14, 'combined_score': 0.0711810220834738}, artifacts: {'status': 'CONVERGED', 'iterations': 14, 'eval_time': '0.008s'}\n- Outcome: Improvement in all metrics\n\n### Attempt 1\n- Changes: Change 1: Replace 10 lines with 40 lines\n- Metrics: combined_score: 0.0753, metrics: {'converged': True, 'iters': 13, 'combined_score': 0.07533695935828097}, artifacts: {'status': 'CONVERGED', 'iterations': 13, 'eval_time': '0.006s'}\n- Outcome: Improvement in all metrics\n\n## Top Performing Programs\n\n### Program 1 (Score: 0.0753)\n```python\n# initial_program.py\n# This file is evolved by AlphaEvolve\n# Only update_rho (and helpers) should be modified\n\nimport numpy as np\n\n\ndef tau(k, c=1.0, p=1.2):\n    \"\"\"\n    Diminishing step size, must be summable.\n    AlphaEvolve is allowed to change this.\n    \"\"\"\n    return c / ((k + 1) ** p)\n\n\ndef update_rho(\n    rho,\n    k,\n    r_norm,\n    s_norm,\n    mu=3.0,\n    c=1.0,\n    p=1.2,\n    eps=1e-12,\n):\n    \"\"\"\n    Adaptive ADMM penalty update rule.\n\n    Inputs:\n        rho    : current penalty parameter\n        k      : iteration index\n        r_norm : ||primal residual||\n        s_norm : ||dual residual||\n    Outputs:\n        new_rho : updated rho\n        aux     : any auxiliary scalar (logged but not used)\n        mode    : string label (\"mul\", \"div\", \"keep\", etc.)\n\n    AlphaEvolve may change the internal logic,\n    but MUST respect the signature and return types.\n    \"\"\"\n\n    t = tau(k, c, p)\n    # Early iterations: more aggressive, later: more conservative\n    # Use a dynamic threshold that tightens over time\n    # mu is scaled by (1 + t) to be more permissive early, stricter later\n    dynamic_mu = mu * (1.0 + 2.0 * t)  # Starts larger, decreases to mu\n    \n    # Compute the ratio of residuals\n    ratio = r_norm / max(s_norm, eps)\n    \n    # If ratio is too large, increase rho; if too small, decrease rho\n    # But we want to avoid oscillating, so update smoothly\n    # Target ratio is 1.0\n    if ratio > dynamic_mu:\n        # Increase rho to reduce primal residual\n        # Update factor based on sqrt(ratio) but bounded\n        fac = np.sqrt(ratio)\n        # Clip factor to prevent extreme updates\n        fac = min(fac, 1.5)\n        # Make updates more aggressive early on\n        fac = 1.0 + (fac - 1.0) * (1.0 - 0.5 * t)\n        new_rho = rho * fac\n        mode = \"mul\"\n    elif 1.0 / ratio > dynamic_mu:\n        # Decrease rho to reduce dual residual\n        fac = np.sqrt(1.0 / ratio)\n        fac = min(fac, 1.5)\n        fac = 1.0 + (fac - 1.0) * (1.0 - 0.5 * t)\n        new_rho = rho / fac\n        mode = \"div\"\n    else:\n        new_rho = rho\n        mode = \"keep\"\n    \n    # Ensure rho doesn't become too large or too small\n    # Clip to a reasonable range\n    rho_min = 1e-6\n    rho_max = 1e6\n    new_rho = max(rho_min, min(new_rho, rho_max))\n    \n    return new_rho, t, mode\n\n```\nKey features: Performs well on combined_score (0.0753), Performs well on metrics ({'converged': True, 'iters': 13, 'combined_score': 0.07533695935828097}), Performs well on artifacts ({'status': 'CONVERGED', 'iterations': 13, 'eval_time': '0.006s'})\n\n### Program 2 (Score: 0.0712)\n```python\n# initial_program.py\n# This file is evolved by AlphaEvolve\n# Only update_rho (and helpers) should be modified\n\nimport numpy as np\n\n\ndef tau(k, c=1.0, p=1.2):\n    \"\"\"\n    Diminishing step size, must be summable.\n    AlphaEvolve is allowed to change this.\n    \"\"\"\n    return c / ((k + 1) ** p)\n\n\ndef update_rho(\n    rho,\n    k,\n    r_norm,\n    s_norm,\n    mu=3.0,\n    c=1.0,\n    p=1.2,\n    eps=1e-12,\n):\n    \"\"\"\n    Adaptive ADMM penalty update rule.\n\n    Inputs:\n        rho    : current penalty parameter\n        k      : iteration index\n        r_norm : ||primal residual||\n        s_norm : ||dual residual||\n    Outputs:\n        new_rho : updated rho\n        aux     : any auxiliary scalar (logged but not used)\n        mode    : string label (\"mul\", \"div\", \"keep\", etc.)\n\n    AlphaEvolve may change the internal logic,\n    but MUST respect the signature and return types.\n    \"\"\"\n\n    t = tau(k, c, p)\n    # Adjust mu to be tighter as iterations increase\n    # Start with a larger threshold early, then reduce to enforce balance\n    mu_adj = mu * (1.0 + 2.0 * np.exp(-0.1 * k))\n    \n    # Dynamic factor: more aggressive early, conservative later\n    # Base factor between 1.1 and 1.5 when k=0, decreasing to around 1.05\n    base_factor = 1.5 - 0.4 * np.tanh(0.1 * k)\n    fac = base_factor + t\n    \n    # Check if residuals are imbalanced\n    if r_norm > mu_adj * max(s_norm, eps):\n        return rho * fac, t, \"mul\"\n    \n    if s_norm > mu_adj * max(r_norm, eps):\n        return rho / fac, t, \"div\"\n    \n    return rho, t, \"keep\"\n\n```\nKey features: Performs well on combined_score (0.0712), Performs well on metrics ({'converged': True, 'iters': 14, 'combined_score': 0.0711810220834738}), Performs well on artifacts ({'status': 'CONVERGED', 'iterations': 14, 'eval_time': '0.008s'})\n\n### Program 3 (Score: 0.0687)\n```python\n# initial_program.py\n# This file is evolved by AlphaEvolve\n# Only update_rho (and helpers) should be modified\n\nimport numpy as np\n\n\ndef tau(k, c=1.0, p=1.2):\n    \"\"\"\n    Diminishing step size, must be summable.\n    AlphaEvolve is allowed to change this.\n    \"\"\"\n    return c / ((k + 1) ** p)\n\n\ndef update_rho(\n    rho,\n    k,\n    r_norm,\n    s_norm,\n    mu=3.0,\n    c=1.0,\n    p=1.2,\n    eps=1e-12,\n):\n    \"\"\"\n    Adaptive ADMM penalty update rule.\n\n    Inputs:\n        rho    : current penalty parameter\n        k      : iteration index\n        r_norm : ||primal residual||\n        s_norm : ||dual residual||\n    Outputs:\n        new_rho : updated rho\n        aux     : any auxiliary scalar (logged but not used)\n        mode    : string label (\"mul\", \"div\", \"keep\", etc.)\n\n    AlphaEvolve may change the internal logic,\n    but MUST respect the signature and return types.\n    \"\"\"\n    # Adjust mu to be more aggressive early and more stable later\n    # Start with mu=3.0 and approach 2.0 as k increases\n    dynamic_mu = 3.0 - 1.0 * min(k / 50.0, 1.0)\n    \n    # Compute ratio with safeguards\n    ratio = r_norm / max(s_norm, eps)\n    log_ratio = np.log(ratio) if ratio > 0 else 0.0\n    \n    # Determine update factor based on the ratio and iteration\n    t = tau(k, c, p)\n    # Base factor: more aggressive updates when residuals are imbalanced\n    # Use a sigmoid-like function to bound the factor between 1.1 and 1.5 early, and 1.05 and 1.2 later\n    base_aggression = 1.5 - 0.4 * min(k / 100.0, 1.0)\n    # Adjust factor based on log ratio magnitude\n    if abs(log_ratio) > 0.1:\n        # When ratio is far from 1, be more aggressive\n        factor = base_aggression + 0.1 * min(abs(log_ratio), 2.0)\n    else:\n        factor = 1.05 + t\n    \n    # Ensure factor is within reasonable bounds\n    factor = min(max(factor, 1.01), 2.0)\n    \n    # Update decision\n    if r_norm > dynamic_mu * max(s_norm, eps):\n        return rho * factor, t, \"mul\"\n    elif s_norm > dynamic_mu * max(r_norm, eps):\n        return rho / factor, t, \"div\"\n    else:\n        return rho, t, \"keep\"\n\n```\nKey features: Performs well on combined_score (0.0687), Performs well on metrics ({'converged': True, 'iters': 14, 'combined_score': 0.06870474147754688}), Performs well on artifacts ({'status': 'CONVERGED', 'iterations': 14, 'eval_time': '0.034s'})\n\n\n\n## Diverse Programs\n\n### Program D1 (Score: 0.0430)\n```python\n# initial_program.py\n# This file is evolved by AlphaEvolve\n# Only update_rho (and helpers) should be modified\n\nimport numpy as np\n\n\ndef tau(k, c=1.0, p=1.2):\n    \"\"\"\n    Diminishing step size, must be summable.\n    AlphaEvolve is allowed to change this.\n    \"\"\"\n    return c / ((k + 1) ** p)\n\n\ndef update_rho(\n    rho,\n    k,\n    r_norm,\n    s_norm,\n    mu=3.0,\n    c=1.0,\n    p=1.2,\n    eps=1e-12,\n):\n    \"\"\"\n    Adaptive ADMM penalty update rule.\n\n    Inputs:\n        rho    : current penalty parameter\n        k      : iteration index\n        r_norm : ||primal residual||\n        s_norm : ||dual residual||\n    Outputs:\n        new_rho : updated rho\n        aux     : any auxiliary scalar (logged but not used)\n        mode    : string label (\"mul\", \"div\", \"keep\", etc.)\n\n    AlphaEvolve may change the internal logic,\n    but MUST respect the signature and return types.\n    \"\"\"\n\n    t = tau(k, c, p)\n    fac = 0.85 + t\n\n    if r_norm > mu * max(s_norm, eps):\n        return rho * fac, t, \"mul\"\n\n    if s_norm > mu * max(r_norm, eps):\n        return rho / fac, t, \"div\"\n\n    return rho, t, \"keep\"\n\n```\nKey features: Alternative approach to combined_score, Alternative approach to metrics\n\n## Inspiration Programs\n\nThese programs represent diverse approaches and creative solutions that may inspire new ideas:\n\n### Inspiration 1 (Score: 0.0712, Type: Exploratory)\n```python\n# initial_program.py\n# This file is evolved by AlphaEvolve\n# Only update_rho (and helpers) should be modified\n\nimport numpy as np\n\n\ndef tau(k, c=1.0, p=1.2):\n    \"\"\"\n    Diminishing step size, must be summable.\n    AlphaEvolve is allowed to change this.\n    \"\"\"\n    return c / ((k + 1) ** p)\n\n\ndef update_rho(\n    rho,\n    k,\n    r_norm,\n    s_norm,\n    mu=3.0,\n    c=1.0,\n    p=1.2,\n    eps=1e-12,\n):\n    \"\"\"\n    Adaptive ADMM penalty update rule.\n\n    Inputs:\n        rho    : current penalty parameter\n        k      : iteration index\n        r_norm : ||primal residual||\n        s_norm : ||dual residual||\n    Outputs:\n        new_rho : updated rho\n        aux     : any auxiliary scalar (logged but not used)\n        mode    : string label (\"mul\", \"div\", \"keep\", etc.)\n\n    AlphaEvolve may change the internal logic,\n    but MUST respect the signature and return types.\n    \"\"\"\n\n    t = tau(k, c, p)\n    # Adjust mu to be tighter as iterations increase\n    # Start with a larger threshold early, then reduce to enforce balance\n    mu_adj = mu * (1.0 + 2.0 * np.exp(-0.1 * k))\n    \n    # Dynamic factor: more aggressive early, conservative later\n    # Base factor between 1.1 and 1.5 when k=0, decreasing to around 1.05\n    base_factor = 1.5 - 0.4 * np.tanh(0.1 * k)\n    fac = base_factor + t\n    \n    # Check if residuals are imbalanced\n    if r_norm > mu_adj * max(s_norm, eps):\n        return rho * fac, t, \"mul\"\n    \n    if s_norm > mu_adj * max(r_norm, eps):\n        return rho / fac, t, \"div\"\n    \n    return rho, t, \"keep\"\n\n```\nUnique approach: Modification:, [Fragment formatting error: 'metric_name'], NumPy-based implementation\n\n### Inspiration 2 (Score: 0.0430, Type: Exploratory)\n```python\n# initial_program.py\n# This file is evolved by AlphaEvolve\n# Only update_rho (and helpers) should be modified\n\nimport numpy as np\n\n\ndef tau(k, c=1.0, p=1.2):\n    \"\"\"\n    Diminishing step size, must be summable.\n    AlphaEvolve is allowed to change this.\n    \"\"\"\n    return c / ((k + 1) ** p)\n\n\ndef update_rho(\n    rho,\n    k,\n    r_norm,\n    s_norm,\n    mu=3.0,\n    c=1.0,\n    p=1.2,\n    eps=1e-12,\n):\n    \"\"\"\n    Adaptive ADMM penalty update rule.\n\n    Inputs:\n        rho    : current penalty parameter\n        k      : iteration index\n        r_norm : ||primal residual||\n        s_norm : ||dual residual||\n    Outputs:\n        new_rho : updated rho\n        aux     : any auxiliary scalar (logged but not used)\n        mode    : string label (\"mul\", \"div\", \"keep\", etc.)\n\n    AlphaEvolve may change the internal logic,\n    but MUST respect the signature and return types.\n    \"\"\"\n\n    t = tau(k, c, p)\n    fac = 0.85 + t\n\n    if r_norm > mu * max(s_norm, eps):\n        return rho * fac, t, \"mul\"\n\n    if s_norm > mu * max(r_norm, eps):\n        return rho / fac, t, \"div\"\n\n    return rho, t, \"keep\"\n\n```\nUnique approach: [Fragment formatting error: 'metric_name'], NumPy-based implementation, Comprehensive implementation\n\n### Inspiration 3 (Score: 0.0687, Type: Exploratory)\n```python\n# initial_program.py\n# This file is evolved by AlphaEvolve\n# Only update_rho (and helpers) should be modified\n\nimport numpy as np\n\n\ndef tau(k, c=1.0, p=1.2):\n    \"\"\"\n    Diminishing step size, must be summable.\n    AlphaEvolve is allowed to change this.\n    \"\"\"\n    return c / ((k + 1) ** p)\n\n\ndef update_rho(\n    rho,\n    k,\n    r_norm,\n    s_norm,\n    mu=3.0,\n    c=1.0,\n    p=1.2,\n    eps=1e-12,\n):\n    \"\"\"\n    Adaptive ADMM penalty update rule.\n\n    Inputs:\n        rho    : current penalty parameter\n        k      : iteration index\n        r_norm : ||primal residual||\n        s_norm : ||dual residual||\n    Outputs:\n        new_rho : updated rho\n        aux     : any auxiliary scalar (logged but not used)\n        mode    : string label (\"mul\", \"div\", \"keep\", etc.)\n\n    AlphaEvolve may change the internal logic,\n    but MUST respect the signature and return types.\n    \"\"\"\n    # Adjust mu to be more aggressive early and more stable later\n    # Start with mu=3.0 and approach 2.0 as k increases\n    dynamic_mu = 3.0 - 1.0 * min(k / 50.0, 1.0)\n    \n    # Compute ratio with safeguards\n    ratio = r_norm / max(s_norm, eps)\n    log_ratio = np.log(ratio) if ratio > 0 else 0.0\n    \n    # Determine update factor based on the ratio and iteration\n    t = tau(k, c, p)\n    # Base factor: more aggressive updates when residuals are imbalanced\n    # Use a sigmoid-like function to bound the factor between 1.1 and 1.5 early, and 1.05 and 1.2 later\n    base_aggression = 1.5 - 0.4 * min(k / 100.0, 1.0)\n    # Adjust factor based on log ratio magnitude\n    if abs(log_ratio) > 0.1:\n        # When ratio is far from 1, be more aggressive\n        factor = base_aggression + 0.1 * min(abs(log_ratio), 2.0)\n    else:\n        factor = 1.05 + t\n    \n    # Ensure factor is within reasonable bounds\n    factor = min(max(factor, 1.01), 2.0)\n    \n    # Update decision\n    if r_norm > dynamic_mu * max(s_norm, eps):\n        return rho * factor, t, \"mul\"\n    elif s_norm > dynamic_mu * max(r_norm, eps):\n        return rho / factor, t, \"div\"\n    else:\n        return rho, t, \"keep\"\n\n```\nUnique approach: Modification:, [Fragment formatting error: 'metric_name'], NumPy-based implementation\n\n# Current Program\n```python\n# initial_program.py\n# This file is evolved by AlphaEvolve\n# Only update_rho (and helpers) should be modified\n\nimport numpy as np\n\n\ndef tau(k, c=1.0, p=1.2):\n    \"\"\"\n    Diminishing step size, must be summable.\n    AlphaEvolve is allowed to change this.\n    \"\"\"\n    return c / ((k + 1) ** p)\n\n\ndef update_rho(\n    rho,\n    k,\n    r_norm,\n    s_norm,\n    mu=3.0,\n    c=1.0,\n    p=1.2,\n    eps=1e-12,\n):\n    \"\"\"\n    Adaptive ADMM penalty update rule.\n\n    Inputs:\n        rho    : current penalty parameter\n        k      : iteration index\n        r_norm : ||primal residual||\n        s_norm : ||dual residual||\n    Outputs:\n        new_rho : updated rho\n        aux     : any auxiliary scalar (logged but not used)\n        mode    : string label (\"mul\", \"div\", \"keep\", etc.)\n\n    AlphaEvolve may change the internal logic,\n    but MUST respect the signature and return types.\n    \"\"\"\n\n    t = tau(k, c, p)\n    # Early iterations: more aggressive, later: more conservative\n    # Use a dynamic threshold that tightens over time\n    # mu is scaled by (1 + t) to be more permissive early, stricter later\n    dynamic_mu = mu * (1.0 + 2.0 * t)  # Starts larger, decreases to mu\n    \n    # Compute the ratio of residuals\n    ratio = r_norm / max(s_norm, eps)\n    \n    # If ratio is too large, increase rho; if too small, decrease rho\n    # But we want to avoid oscillating, so update smoothly\n    # Target ratio is 1.0\n    if ratio > dynamic_mu:\n        # Increase rho to reduce primal residual\n        # Update factor based on sqrt(ratio) but bounded\n        fac = np.sqrt(ratio)\n        # Clip factor to prevent extreme updates\n        fac = min(fac, 1.5)\n        # Make updates more aggressive early on\n        fac = 1.0 + (fac - 1.0) * (1.0 - 0.5 * t)\n        new_rho = rho * fac\n        mode = \"mul\"\n    elif 1.0 / ratio > dynamic_mu:\n        # Decrease rho to reduce dual residual\n        fac = np.sqrt(1.0 / ratio)\n        fac = min(fac, 1.5)\n        fac = 1.0 + (fac - 1.0) * (1.0 - 0.5 * t)\n        new_rho = rho / fac\n        mode = \"div\"\n    else:\n        new_rho = rho\n        mode = \"keep\"\n    \n    # Ensure rho doesn't become too large or too small\n    # Clip to a reasonable range\n    rho_min = 1e-6\n    rho_max = 1e6\n    new_rho = max(rho_min, min(new_rho, rho_max))\n    \n    return new_rho, t, mode\n\n```\n\n# Task\nSuggest improvements to the program that will improve its FITNESS SCORE.\nThe system maintains diversity across these dimensions: complexity, diversity\nDifferent solutions with similar fitness but different features are valuable.\n\nYou MUST use the exact SEARCH/REPLACE diff format shown below to indicate changes:\n\n<<<<<<< SEARCH\n# Original code to find and replace (must match exactly)\n=======\n# New replacement code\n>>>>>>> REPLACE\n\nExample of valid diff format:\n<<<<<<< SEARCH\nfor i in range(m):\n    for j in range(p):\n        for k in range(n):\n            C[i, j] += A[i, k] * B[k, j]\n=======\n# Reorder loops for better memory access pattern\nfor i in range(m):\n    for k in range(n):\n        for j in range(p):\n            C[i, j] += A[i, k] * B[k, j]\n>>>>>>> REPLACE\n\nYou can suggest multiple changes. Each SEARCH section must exactly match code in the current program.\nBe thoughtful about your changes and explain your reasoning thoroughly.\n\nIMPORTANT: Do not rewrite the entire program - focus on targeted improvements.", "responses": ["Looking at the current program, it's performing well with a fitness score of 0.0753 and converging in 13 iterations. However, there's room for improvement. The current update strategy uses a dynamic threshold and sqrt-based factors, which can be refined for better balance and faster convergence.\n\nKey observations:\n1. The current approach uses `dynamic_mu = mu * (1.0 + 2.0 * t)` which starts larger and decreases to mu. This is good for early permissiveness.\n2. The update factor uses sqrt(ratio) clipped to 1.5, then adjusted by `(1.0 - 0.5 * t)` to make updates more aggressive early on.\n3. However, the sqrt function might not be the most responsive to large imbalances, and the clipping might be too restrictive.\n\nLet's consider a more adaptive approach:\n1. Use a piecewise strategy: for early iterations (k < 10), be more aggressive with larger update factors.\n2. For later iterations, be more conservative to avoid oscillations.\n3. Use a factor that scales with the log ratio, which is more sensitive to large imbalances but bounded.\n4. Also, adjust the threshold more dynamically based on iteration count.\n\nHere's a revised approach:\n- For early iterations, use a larger base factor (e.g., 1.8) and for later iterations, reduce to 1.2.\n- Use a factor that is proportional to min(ratio, 2.0) rather than sqrt(ratio) to be more responsive.\n- Adjust mu to be tighter as iterations increase, but not too quickly.\n\nLet's implement these changes:\n\n<<<<<<< SEARCH\n    t = tau(k, c, p)\n    # Early iterations: more aggressive, later: more conservative\n    # Use a dynamic threshold that tightens over time\n    # mu is scaled by (1 + t) to be more permissive early, stricter later\n    dynamic_mu = mu * (1.0 + 2.0 * t)  # Starts larger, decreases to mu\n    \n    # Compute the ratio of residuals\n    ratio = r_norm / max(s_norm, eps)\n    \n    # If ratio is too large, increase rho; if too small, decrease rho\n    # But we want to avoid oscillating, so update smoothly\n    # Target ratio is 1.0\n    if ratio > dynamic_mu:\n        # Increase rho to reduce primal residual\n        # Update factor based on sqrt(ratio) but bounded\n        fac = np.sqrt(ratio)\n        # Clip factor to prevent extreme updates\n        fac = min(fac, 1.5)\n        # Make updates more aggressive early on\n        fac = 1.0 + (fac - 1.0) * (1.0 - 0.5 * t)\n        new_rho = rho * fac\n        mode = \"mul\"\n    elif 1.0 / ratio > dynamic_mu:\n        # Decrease rho to reduce dual residual\n        fac = np.sqrt(1.0 / ratio)\n        fac = min(fac, 1.5)\n        fac = 1.0 + (fac - 1.0) * (1.0 - 0.5 * t)\n        new_rho = rho / fac\n        mode = \"div\"\n    else:\n        new_rho = rho\n        mode = \"keep\"\n    \n    # Ensure rho doesn't become too large or too small\n    # Clip to a reasonable range\n    rho_min = 1e-6\n    rho_max = 1e6\n    new_rho = max(rho_min, min(new_rho, rho_max))\n=======\n    t = tau(k, c, p)\n    # Adjust mu based on iteration: start more permissive, become stricter\n    # For early iterations (k < 10), use a larger threshold to allow exploration\n    if k < 10:\n        dynamic_mu = mu * 2.0\n    else:\n        # Gradually tighten to mu by iteration 50\n        dynamic_mu = mu * (1.0 + np.exp(-0.1 * (k - 10)))\n    \n    # Compute the ratio of residuals\n    ratio = r_norm / max(s_norm, eps)\n    \n    # Determine update factor based on iteration and ratio\n    # Early iterations: more aggressive (up to 2.0), later: more conservative (up to 1.3)\n    if k < 10:\n        base_factor = 1.8\n    elif k < 30:\n        base_factor = 1.5\n    else:\n        base_factor = 1.2\n    \n    # Adjust factor based on how far ratio is from 1, but bounded\n    # Use a smooth function: factor = base_factor + 0.1 * min(|log(ratio)|, 3.0)\n    # This makes updates larger when residuals are more imbalanced\n    if ratio > 0:\n        log_ratio = np.log(ratio)\n        adjustment = 0.1 * min(abs(log_ratio), 3.0)\n    else:\n        adjustment = 0.0\n    factor = base_factor + adjustment\n    \n    # Clip factor to reasonable bounds\n    factor = min(max(factor, 1.05), 2.5)\n    \n    # Update decision\n    if ratio > dynamic_mu:\n        new_rho = rho * factor\n        mode = \"mul\"\n    elif 1.0 / ratio > dynamic_mu:\n        new_rho = rho / factor\n        mode = \"div\"\n    else:\n        new_rho = rho\n        mode = \"keep\"\n    \n    # Ensure rho stays within bounds\n    rho_min = 1e-6\n    rho_max = 1e6\n    new_rho = max(rho_min, min(new_rho, rho_max))\n>>>>>>> REPLACE\n\nThis change introduces:\n1. A piecewise dynamic_mu: very permissive for the first 10 iterations (mu*2.0), then gradually tightens using an exponential decay.\n2. A piecewise base_factor: more aggressive updates early (1.8), moderate in middle (1.5), and conservative later (1.2).\n3. An adjustment based on the log ratio, which is more sensitive to large imbalances but bounded.\n4. The factor is clipped between 1.05 and 2.5 to prevent extreme updates.\n\nThis should help achieve faster convergence by being more responsive to imbalances in early iterations while maintaining stability in later iterations. The log-based adjustment ensures that when residuals are very imbalanced, the update is appropriately scaled, which can lead to fewer iterations to reach balance.\n\nLet's also consider adding a small adjustment to prevent too frequent updates, but the current approach should be good.\n\nNote: The code uses `np.exp` and `np.log`, which are already imported via `import numpy as np`."]}}, "artifacts_json": null, "artifact_dir": null, "embedding": null}