{"id": "92767367-4e3a-4b13-a386-fbff50807a97", "code": "# initial_program.py\n# This file is evolved by AlphaEvolve\n# Only update_rho (and helpers) should be modified\n\nimport numpy as np\n\n\ndef tau(k, c=1.0, p=1.2):\n    \"\"\"\n    Diminishing step size, must be summable.\n    AlphaEvolve is allowed to change this.\n    \"\"\"\n    return c / ((k + 1) ** p)\n\n\ndef update_rho(\n    rho,\n    k,\n    r_norm,\n    s_norm,\n    mu=3.0,\n    c=1.0,\n    p=1.2,\n    eps=1e-12,\n):\n    \"\"\"\n    Adaptive ADMM penalty update rule.\n\n    Inputs:\n        rho    : current penalty parameter\n        k      : iteration index\n        r_norm : ||primal residual||\n        s_norm : ||dual residual||\n    Outputs:\n        new_rho : updated rho\n        aux     : any auxiliary scalar (logged but not used)\n        mode    : string label (\"mul\", \"div\", \"keep\", etc.)\n\n    AlphaEvolve may change the internal logic,\n    but MUST respect the signature and return types.\n    \"\"\"\n    # Adjust mu based on iteration to be more aggressive early, conservative later\n    # Early iterations: lower threshold to trigger updates more often\n    # Later iterations: higher threshold to avoid oscillations\n    if k < 10:\n        mu_adj = 2.0  # More sensitive to imbalances\n    elif k < 30:\n        mu_adj = 3.0\n    else:\n        mu_adj = 4.0  # More conservative\n    \n    # Compute adjustment factor that is larger when residuals are very imbalanced\n    t = tau(k, c, p)\n    # Base factor between 1.1 and 1.5, diminishing with iterations\n    base_factor = 1.5 - 0.4 * min(k / 50.0, 1.0)\n    # Adjust based on the ratio of residuals\n    ratio = r_norm / max(s_norm, eps)\n    if ratio > 1:\n        # If primal is larger than dual, we may want to increase rho more aggressively\n        # But don't let factor exceed 2.0\n        factor = min(base_factor + 0.1 * min(ratio - 1, 5.0), 2.0)\n    else:\n        factor = base_factor\n    \n    # Check conditions with adjusted mu\n    if r_norm > mu_adj * max(s_norm, eps):\n        return rho * factor, t, \"mul\"\n    elif s_norm > mu_adj * max(r_norm, eps):\n        return rho / factor, t, \"div\"\n    else:\n        return rho, t, \"keep\"\n", "language": "python", "parent_id": "e3e7b7e1-1592-4d78-8c9c-6a76f7a88c15", "generation": 1, "timestamp": 1768219152.774084, "iteration_found": 8, "metrics": {"combined_score": 0.07382786463597339, "metrics": {"converged": true, "iters": 13, "combined_score": 0.07382786463597339}, "artifacts": {"status": "CONVERGED", "iterations": 13, "eval_time": "0.027s"}}, "complexity": 0.0, "diversity": 0.0, "metadata": {"changes": "Change 1: Replace 45 lines with 64 lines", "parent_metrics": {"combined_score": 0.043007227611818806, "metrics": {"converged": true, "iters": 23, "combined_score": 0.043007227611818806}, "artifacts": {"status": "CONVERGED", "iterations": 23, "eval_time": "0.021s"}}, "island": 0}, "prompts": {"diff_user": {"system": "You are an expert in numerical optimization and ADMM algorithms.\n\nYour task is to improve the function update_rho(rho, k, r_norm, s_norm, ...)\nused to adaptively update the ADMM penalty parameter.\n\nGoals:\n- Achieve faster convergence (fewer ADMM iterations)\n- Maintain numerical stability (avoid oscillating rho)\n- Balance primal and dual residuals efficiently\n\nConstraints:\n- You may ONLY modify the body of update_rho and helper functions in initial_program.py\n- The function signature and return types must remain unchanged\n- The code must be deterministic and numerically safe\n\nHints:\n- Consider using ratios or log-ratios of r_norm and s_norm\n- Early iterations may benefit from aggressive updates\n- Later iterations should favor stability\n- Piecewise or stateful strategies are allowed\n", "user": "# Current Program Information\n- Fitness: 0.0430\n- Feature coordinates: \n- Focus areas: - Fitness unchanged at 0.0430\n- No feature coordinates\n- Consider simplifying - code length exceeds 500 characters\n\n\n\n# Program Evolution History\n## Previous Attempts\n\n### Attempt 1\n- Changes: Unknown changes\n- Metrics: combined_score: 0.0430, metrics: {'converged': True, 'iters': 23, 'combined_score': 0.043007227611818806}, artifacts: {'status': 'CONVERGED', 'iterations': 23, 'eval_time': '0.021s'}\n- Outcome: Improvement in all metrics\n\n## Top Performing Programs\n\n### Program 1 (Score: 0.0430)\n```python\n# initial_program.py\n# This file is evolved by AlphaEvolve\n# Only update_rho (and helpers) should be modified\n\nimport numpy as np\n\n\ndef tau(k, c=1.0, p=1.2):\n    \"\"\"\n    Diminishing step size, must be summable.\n    AlphaEvolve is allowed to change this.\n    \"\"\"\n    return c / ((k + 1) ** p)\n\n\ndef update_rho(\n    rho,\n    k,\n    r_norm,\n    s_norm,\n    mu=3.0,\n    c=1.0,\n    p=1.2,\n    eps=1e-12,\n):\n    \"\"\"\n    Adaptive ADMM penalty update rule.\n\n    Inputs:\n        rho    : current penalty parameter\n        k      : iteration index\n        r_norm : ||primal residual||\n        s_norm : ||dual residual||\n    Outputs:\n        new_rho : updated rho\n        aux     : any auxiliary scalar (logged but not used)\n        mode    : string label (\"mul\", \"div\", \"keep\", etc.)\n\n    AlphaEvolve may change the internal logic,\n    but MUST respect the signature and return types.\n    \"\"\"\n\n    t = tau(k, c, p)\n    fac = 0.85 + t\n\n    if r_norm > mu * max(s_norm, eps):\n        return rho * fac, t, \"mul\"\n\n    if s_norm > mu * max(r_norm, eps):\n        return rho / fac, t, \"div\"\n\n    return rho, t, \"keep\"\n\n```\nKey features: Performs well on combined_score (0.0430), Performs well on metrics ({'converged': True, 'iters': 23, 'combined_score': 0.043007227611818806}), Performs well on artifacts ({'status': 'CONVERGED', 'iterations': 23, 'eval_time': '0.021s'})\n\n\n\n# Current Program\n```python\n# initial_program.py\n# This file is evolved by AlphaEvolve\n# Only update_rho (and helpers) should be modified\n\nimport numpy as np\n\n\ndef tau(k, c=1.0, p=1.2):\n    \"\"\"\n    Diminishing step size, must be summable.\n    AlphaEvolve is allowed to change this.\n    \"\"\"\n    return c / ((k + 1) ** p)\n\n\ndef update_rho(\n    rho,\n    k,\n    r_norm,\n    s_norm,\n    mu=3.0,\n    c=1.0,\n    p=1.2,\n    eps=1e-12,\n):\n    \"\"\"\n    Adaptive ADMM penalty update rule.\n\n    Inputs:\n        rho    : current penalty parameter\n        k      : iteration index\n        r_norm : ||primal residual||\n        s_norm : ||dual residual||\n    Outputs:\n        new_rho : updated rho\n        aux     : any auxiliary scalar (logged but not used)\n        mode    : string label (\"mul\", \"div\", \"keep\", etc.)\n\n    AlphaEvolve may change the internal logic,\n    but MUST respect the signature and return types.\n    \"\"\"\n\n    t = tau(k, c, p)\n    fac = 0.85 + t\n\n    if r_norm > mu * max(s_norm, eps):\n        return rho * fac, t, \"mul\"\n\n    if s_norm > mu * max(r_norm, eps):\n        return rho / fac, t, \"div\"\n\n    return rho, t, \"keep\"\n\n```\n\n# Task\nSuggest improvements to the program that will improve its FITNESS SCORE.\nThe system maintains diversity across these dimensions: complexity, diversity\nDifferent solutions with similar fitness but different features are valuable.\n\nYou MUST use the exact SEARCH/REPLACE diff format shown below to indicate changes:\n\n<<<<<<< SEARCH\n# Original code to find and replace (must match exactly)\n=======\n# New replacement code\n>>>>>>> REPLACE\n\nExample of valid diff format:\n<<<<<<< SEARCH\nfor i in range(m):\n    for j in range(p):\n        for k in range(n):\n            C[i, j] += A[i, k] * B[k, j]\n=======\n# Reorder loops for better memory access pattern\nfor i in range(m):\n    for k in range(n):\n        for j in range(p):\n            C[i, j] += A[i, k] * B[k, j]\n>>>>>>> REPLACE\n\nYou can suggest multiple changes. Each SEARCH section must exactly match code in the current program.\nBe thoughtful about your changes and explain your reasoning thoroughly.\n\nIMPORTANT: Do not rewrite the entire program - focus on targeted improvements.", "responses": ["Looking at the current implementation, I notice that the update strategy uses a fixed `mu=3.0` and a factor `fac = 0.85 + t` where `t` diminishes with iterations. This approach may not be aggressive enough in early iterations to balance residuals quickly, and may be too aggressive in later iterations, causing oscillations.\n\nTo improve convergence, we can:\n1. Make early updates more aggressive by using a larger adjustment factor when `k` is small\n2. Make later updates more conservative to avoid oscillations\n3. Consider the ratio between primal and dual residuals to make more precise adjustments\n\nHere's a revised approach:\n- Use a dynamic `mu` that depends on iteration number to be more lenient early on\n- Adjust the factor to be larger when residuals are very imbalanced\n- Use a stateful approach to track trends and avoid frequent toggling\n\nHowever, since we can only modify the body of `update_rho` and helper functions, let's implement a smarter strategy.\n\nHere are the changes:\n\n<<<<<<< SEARCH\ndef tau(k, c=1.0, p=1.2):\n    \"\"\"\n    Diminishing step size, must be summable.\n    AlphaEvolve is allowed to change this.\n    \"\"\"\n    return c / ((k + 1) ** p)\n\n\ndef update_rho(\n    rho,\n    k,\n    r_norm,\n    s_norm,\n    mu=3.0,\n    c=1.0,\n    p=1.2,\n    eps=1e-12,\n):\n    \"\"\"\n    Adaptive ADMM penalty update rule.\n\n    Inputs:\n        rho    : current penalty parameter\n        k      : iteration index\n        r_norm : ||primal residual||\n        s_norm : ||dual residual||\n    Outputs:\n        new_rho : updated rho\n        aux     : any auxiliary scalar (logged but not used)\n        mode    : string label (\"mul\", \"div\", \"keep\", etc.)\n\n    AlphaEvolve may change the internal logic,\n    but MUST respect the signature and return types.\n    \"\"\"\n\n    t = tau(k, c, p)\n    fac = 0.85 + t\n\n    if r_norm > mu * max(s_norm, eps):\n        return rho * fac, t, \"mul\"\n\n    if s_norm > mu * max(r_norm, eps):\n        return rho / fac, t, \"div\"\n\n    return rho, t, \"keep\"\n=======\ndef tau(k, c=1.0, p=1.2):\n    \"\"\"\n    Diminishing step size, must be summable.\n    AlphaEvolve is allowed to change this.\n    \"\"\"\n    return c / ((k + 1) ** p)\n\n\ndef update_rho(\n    rho,\n    k,\n    r_norm,\n    s_norm,\n    mu=3.0,\n    c=1.0,\n    p=1.2,\n    eps=1e-12,\n):\n    \"\"\"\n    Adaptive ADMM penalty update rule.\n\n    Inputs:\n        rho    : current penalty parameter\n        k      : iteration index\n        r_norm : ||primal residual||\n        s_norm : ||dual residual||\n    Outputs:\n        new_rho : updated rho\n        aux     : any auxiliary scalar (logged but not used)\n        mode    : string label (\"mul\", \"div\", \"keep\", etc.)\n\n    AlphaEvolve may change the internal logic,\n    but MUST respect the signature and return types.\n    \"\"\"\n    # Adjust mu based on iteration to be more aggressive early, conservative later\n    # Early iterations: lower threshold to trigger updates more often\n    # Later iterations: higher threshold to avoid oscillations\n    if k < 10:\n        mu_adj = 2.0  # More sensitive to imbalances\n    elif k < 30:\n        mu_adj = 3.0\n    else:\n        mu_adj = 4.0  # More conservative\n    \n    # Compute adjustment factor that is larger when residuals are very imbalanced\n    t = tau(k, c, p)\n    # Base factor between 1.1 and 1.5, diminishing with iterations\n    base_factor = 1.5 - 0.4 * min(k / 50.0, 1.0)\n    # Adjust based on the ratio of residuals\n    ratio = r_norm / max(s_norm, eps)\n    if ratio > 1:\n        # If primal is larger than dual, we may want to increase rho more aggressively\n        # But don't let factor exceed 2.0\n        factor = min(base_factor + 0.1 * min(ratio - 1, 5.0), 2.0)\n    else:\n        factor = base_factor\n    \n    # Check conditions with adjusted mu\n    if r_norm > mu_adj * max(s_norm, eps):\n        return rho * factor, t, \"mul\"\n    elif s_norm > mu_adj * max(r_norm, eps):\n        return rho / factor, t, \"div\"\n    else:\n        return rho, t, \"keep\"\n>>>>>>> REPLACE\n\nThis new implementation:\n1. Uses a dynamic `mu_adj` that changes with iteration number to be more sensitive early and more conservative later\n2. Adjusts the update factor based on both iteration number and the actual residual ratio, making updates more precise\n3. The base factor starts at 1.5 and decreases to 1.1 over the first 50 iterations, balancing aggressiveness and stability\n4. When residuals are very imbalanced (large ratio), the factor increases slightly to correct more quickly\n\nThis should lead to faster convergence in early iterations by making more frequent and appropriate updates, while maintaining stability in later iterations by being more conservative. The approach is still deterministic and numerically safe."]}}, "artifacts_json": null, "artifact_dir": null, "embedding": null}