{"id": "ba942b6e-3b40-4a70-a62e-448b15f17e57", "code": "# initial_program.py\n# This file is evolved by AlphaEvolve\n# Only update_rho (and helpers) should be modified\n\nimport numpy as np\n\n\ndef tau(k, c=1.0, p=1.2):\n    \"\"\"\n    Diminishing step size, must be summable.\n    AlphaEvolve is allowed to change this.\n    \"\"\"\n    return c / ((k + 1) ** p)\n\n\ndef compute_adjustment_factor(ratio, k, base=0.85):\n    \"\"\"\n    Compute adjustment factor based on residual ratio and iteration.\n    \"\"\"\n    # Diminishing influence over iterations\n    t = tau(k)\n    # Target ratio is 1, so if ratio > 1, rho should increase\n    # Use sqrt to make adjustments more moderate\n    # Clip the adjustment to prevent extreme changes\n    adj = np.sqrt(ratio)\n    # Bound the adjustment between 0.5 and 2.0\n    adj = np.clip(adj, 0.5, 2.0)\n    # Blend with base factor, with diminishing influence over iterations\n    factor = base + (adj - base) * np.exp(-k / 10.0)\n    return factor\n\n\ndef update_rho(\n    rho,\n    k,\n    r_norm,\n    s_norm,\n    mu=3.0,\n    c=1.0,\n    p=1.2,\n    eps=1e-12,\n):\n    \"\"\"\n    Adaptive ADMM penalty update rule.\n\n    Inputs:\n        rho    : current penalty parameter\n        k      : iteration index\n        r_norm : ||primal residual||\n        s_norm : ||dual residual||\n    Outputs:\n        new_rho : updated rho\n        aux     : any auxiliary scalar (logged but not used)\n        mode    : string label (\"mul\", \"div\", \"keep\", etc.)\n\n    AlphaEvolve may change the internal logic,\n    but MUST respect the signature and return types.\n    \"\"\"\n    # Compute the ratio of residuals\n    ratio = r_norm / max(s_norm, eps)\n    \n    # If both residuals are very small, keep rho\n    if r_norm < eps and s_norm < eps:\n        return rho, 0.0, \"keep\"\n    \n    # Determine if we need to adjust rho\n    # Use a dynamic threshold that tightens over iterations\n    # Early iterations: be more aggressive (larger mu)\n    # Later iterations: be more conservative (smaller mu)\n    dynamic_mu = mu * (1.0 + 2.0 * np.exp(-k / 5.0))\n    \n    if ratio > dynamic_mu:\n        # Primal residual is too large relative to dual residual\n        # Increase rho to prioritize primal feasibility\n        factor = compute_adjustment_factor(ratio, k)\n        new_rho = rho * factor\n        return new_rho, factor, \"mul\"\n    elif 1.0 / ratio > dynamic_mu:\n        # Dual residual is too large relative to primal residual\n        # Decrease rho to prioritize dual feasibility\n        factor = compute_adjustment_factor(1.0 / ratio, k)\n        new_rho = rho / factor\n        return new_rho, factor, \"div\"\n    else:\n        # Residuals are balanced\n        return rho, 1.0, \"keep\"\n", "language": "python", "parent_id": "e3e7b7e1-1592-4d78-8c9c-6a76f7a88c15", "generation": 1, "timestamp": 1768219134.906388, "iteration_found": 5, "metrics": {"combined_score": 0.07655058478400498, "metrics": {"converged": true, "iters": 13, "combined_score": 0.07655058478400498}, "artifacts": {"status": "CONVERGED", "iterations": 13, "eval_time": "0.009s"}}, "complexity": 0.0, "diversity": 0.0, "metadata": {"changes": "Change 1: Replace 45 lines with 79 lines", "parent_metrics": {"combined_score": 0.043007227611818806, "metrics": {"converged": true, "iters": 23, "combined_score": 0.043007227611818806}, "artifacts": {"status": "CONVERGED", "iterations": 23, "eval_time": "0.021s"}}, "island": 0}, "prompts": {"diff_user": {"system": "You are an expert in numerical optimization and ADMM algorithms.\n\nYour task is to improve the function update_rho(rho, k, r_norm, s_norm, ...)\nused to adaptively update the ADMM penalty parameter.\n\nGoals:\n- Achieve faster convergence (fewer ADMM iterations)\n- Maintain numerical stability (avoid oscillating rho)\n- Balance primal and dual residuals efficiently\n\nConstraints:\n- You may ONLY modify the body of update_rho and helper functions in initial_program.py\n- The function signature and return types must remain unchanged\n- The code must be deterministic and numerically safe\n\nHints:\n- Consider using ratios or log-ratios of r_norm and s_norm\n- Early iterations may benefit from aggressive updates\n- Later iterations should favor stability\n- Piecewise or stateful strategies are allowed\n", "user": "# Current Program Information\n- Fitness: 0.0430\n- Feature coordinates: \n- Focus areas: - Fitness unchanged at 0.0430\n- No feature coordinates\n- Consider simplifying - code length exceeds 500 characters\n\n\n\n# Program Evolution History\n## Previous Attempts\n\n### Attempt 1\n- Changes: Unknown changes\n- Metrics: combined_score: 0.0430, metrics: {'converged': True, 'iters': 23, 'combined_score': 0.043007227611818806}, artifacts: {'status': 'CONVERGED', 'iterations': 23, 'eval_time': '0.021s'}\n- Outcome: Improvement in all metrics\n\n## Top Performing Programs\n\n### Program 1 (Score: 0.0430)\n```python\n# initial_program.py\n# This file is evolved by AlphaEvolve\n# Only update_rho (and helpers) should be modified\n\nimport numpy as np\n\n\ndef tau(k, c=1.0, p=1.2):\n    \"\"\"\n    Diminishing step size, must be summable.\n    AlphaEvolve is allowed to change this.\n    \"\"\"\n    return c / ((k + 1) ** p)\n\n\ndef update_rho(\n    rho,\n    k,\n    r_norm,\n    s_norm,\n    mu=3.0,\n    c=1.0,\n    p=1.2,\n    eps=1e-12,\n):\n    \"\"\"\n    Adaptive ADMM penalty update rule.\n\n    Inputs:\n        rho    : current penalty parameter\n        k      : iteration index\n        r_norm : ||primal residual||\n        s_norm : ||dual residual||\n    Outputs:\n        new_rho : updated rho\n        aux     : any auxiliary scalar (logged but not used)\n        mode    : string label (\"mul\", \"div\", \"keep\", etc.)\n\n    AlphaEvolve may change the internal logic,\n    but MUST respect the signature and return types.\n    \"\"\"\n\n    t = tau(k, c, p)\n    fac = 0.85 + t\n\n    if r_norm > mu * max(s_norm, eps):\n        return rho * fac, t, \"mul\"\n\n    if s_norm > mu * max(r_norm, eps):\n        return rho / fac, t, \"div\"\n\n    return rho, t, \"keep\"\n\n```\nKey features: Performs well on combined_score (0.0430), Performs well on metrics ({'converged': True, 'iters': 23, 'combined_score': 0.043007227611818806}), Performs well on artifacts ({'status': 'CONVERGED', 'iterations': 23, 'eval_time': '0.021s'})\n\n\n\n# Current Program\n```python\n# initial_program.py\n# This file is evolved by AlphaEvolve\n# Only update_rho (and helpers) should be modified\n\nimport numpy as np\n\n\ndef tau(k, c=1.0, p=1.2):\n    \"\"\"\n    Diminishing step size, must be summable.\n    AlphaEvolve is allowed to change this.\n    \"\"\"\n    return c / ((k + 1) ** p)\n\n\ndef update_rho(\n    rho,\n    k,\n    r_norm,\n    s_norm,\n    mu=3.0,\n    c=1.0,\n    p=1.2,\n    eps=1e-12,\n):\n    \"\"\"\n    Adaptive ADMM penalty update rule.\n\n    Inputs:\n        rho    : current penalty parameter\n        k      : iteration index\n        r_norm : ||primal residual||\n        s_norm : ||dual residual||\n    Outputs:\n        new_rho : updated rho\n        aux     : any auxiliary scalar (logged but not used)\n        mode    : string label (\"mul\", \"div\", \"keep\", etc.)\n\n    AlphaEvolve may change the internal logic,\n    but MUST respect the signature and return types.\n    \"\"\"\n\n    t = tau(k, c, p)\n    fac = 0.85 + t\n\n    if r_norm > mu * max(s_norm, eps):\n        return rho * fac, t, \"mul\"\n\n    if s_norm > mu * max(r_norm, eps):\n        return rho / fac, t, \"div\"\n\n    return rho, t, \"keep\"\n\n```\n\n# Task\nSuggest improvements to the program that will improve its FITNESS SCORE.\nThe system maintains diversity across these dimensions: complexity, diversity\nDifferent solutions with similar fitness but different features are valuable.\n\nYou MUST use the exact SEARCH/REPLACE diff format shown below to indicate changes:\n\n<<<<<<< SEARCH\n# Original code to find and replace (must match exactly)\n=======\n# New replacement code\n>>>>>>> REPLACE\n\nExample of valid diff format:\n<<<<<<< SEARCH\nfor i in range(m):\n    for j in range(p):\n        for k in range(n):\n            C[i, j] += A[i, k] * B[k, j]\n=======\n# Reorder loops for better memory access pattern\nfor i in range(m):\n    for k in range(n):\n        for j in range(p):\n            C[i, j] += A[i, k] * B[k, j]\n>>>>>>> REPLACE\n\nYou can suggest multiple changes. Each SEARCH section must exactly match code in the current program.\nBe thoughtful about your changes and explain your reasoning thoroughly.\n\nIMPORTANT: Do not rewrite the entire program - focus on targeted improvements.", "responses": ["Looking at the current implementation, I notice that the update strategy uses a fixed factor `fac = 0.85 + t`, where `t` is a diminishing step size. This approach may not be aggressive enough in early iterations to balance residuals quickly, and may be too aggressive in later iterations, causing oscillations.\n\nThe key is to adjust `rho` more aggressively when residuals are imbalanced, but with diminishing adjustments as iterations progress to ensure stability. Also, using a fixed `mu=3.0` might not be optimal.\n\nLet's consider a more adaptive approach:\n1. Use the ratio of residuals to determine the adjustment factor\n2. Make adjustments larger when the imbalance is significant\n3. Ensure adjustments decrease over time to prevent oscillations\n4. Use a stateful approach to track trends\n\nHowever, since we can only modify `update_rho` and helper functions, we need to be careful. Let's add a helper function to compute a more dynamic adjustment factor.\n\nHere's an improved approach:\n1. Compute the ratio `ratio = r_norm / max(s_norm, eps)`\n2. If the ratio is too large or too small, adjust `rho` by a factor that depends on the ratio and iteration number\n3. Use a target ratio of 1 to balance residuals\n4. Make adjustments more conservative as iterations progress\n\nHere are the changes:\n\n<<<<<<< SEARCH\ndef tau(k, c=1.0, p=1.2):\n    \"\"\"\n    Diminishing step size, must be summable.\n    AlphaEvolve is allowed to change this.\n    \"\"\"\n    return c / ((k + 1) ** p)\n\n\ndef update_rho(\n    rho,\n    k,\n    r_norm,\n    s_norm,\n    mu=3.0,\n    c=1.0,\n    p=1.2,\n    eps=1e-12,\n):\n    \"\"\"\n    Adaptive ADMM penalty update rule.\n\n    Inputs:\n        rho    : current penalty parameter\n        k      : iteration index\n        r_norm : ||primal residual||\n        s_norm : ||dual residual||\n    Outputs:\n        new_rho : updated rho\n        aux     : any auxiliary scalar (logged but not used)\n        mode    : string label (\"mul\", \"div\", \"keep\", etc.)\n\n    AlphaEvolve may change the internal logic,\n    but MUST respect the signature and return types.\n    \"\"\"\n\n    t = tau(k, c, p)\n    fac = 0.85 + t\n\n    if r_norm > mu * max(s_norm, eps):\n        return rho * fac, t, \"mul\"\n\n    if s_norm > mu * max(r_norm, eps):\n        return rho / fac, t, \"div\"\n\n    return rho, t, \"keep\"\n=======\ndef tau(k, c=1.0, p=1.2):\n    \"\"\"\n    Diminishing step size, must be summable.\n    AlphaEvolve is allowed to change this.\n    \"\"\"\n    return c / ((k + 1) ** p)\n\n\ndef compute_adjustment_factor(ratio, k, base=0.85):\n    \"\"\"\n    Compute adjustment factor based on residual ratio and iteration.\n    \"\"\"\n    # Diminishing influence over iterations\n    t = tau(k)\n    # Target ratio is 1, so if ratio > 1, rho should increase\n    # Use sqrt to make adjustments more moderate\n    # Clip the adjustment to prevent extreme changes\n    adj = np.sqrt(ratio)\n    # Bound the adjustment between 0.5 and 2.0\n    adj = np.clip(adj, 0.5, 2.0)\n    # Blend with base factor, with diminishing influence over iterations\n    factor = base + (adj - base) * np.exp(-k / 10.0)\n    return factor\n\n\ndef update_rho(\n    rho,\n    k,\n    r_norm,\n    s_norm,\n    mu=3.0,\n    c=1.0,\n    p=1.2,\n    eps=1e-12,\n):\n    \"\"\"\n    Adaptive ADMM penalty update rule.\n\n    Inputs:\n        rho    : current penalty parameter\n        k      : iteration index\n        r_norm : ||primal residual||\n        s_norm : ||dual residual||\n    Outputs:\n        new_rho : updated rho\n        aux     : any auxiliary scalar (logged but not used)\n        mode    : string label (\"mul\", \"div\", \"keep\", etc.)\n\n    AlphaEvolve may change the internal logic,\n    but MUST respect the signature and return types.\n    \"\"\"\n    # Compute the ratio of residuals\n    ratio = r_norm / max(s_norm, eps)\n    \n    # If both residuals are very small, keep rho\n    if r_norm < eps and s_norm < eps:\n        return rho, 0.0, \"keep\"\n    \n    # Determine if we need to adjust rho\n    # Use a dynamic threshold that tightens over iterations\n    # Early iterations: be more aggressive (larger mu)\n    # Later iterations: be more conservative (smaller mu)\n    dynamic_mu = mu * (1.0 + 2.0 * np.exp(-k / 5.0))\n    \n    if ratio > dynamic_mu:\n        # Primal residual is too large relative to dual residual\n        # Increase rho to prioritize primal feasibility\n        factor = compute_adjustment_factor(ratio, k)\n        new_rho = rho * factor\n        return new_rho, factor, \"mul\"\n    elif 1.0 / ratio > dynamic_mu:\n        # Dual residual is too large relative to primal residual\n        # Decrease rho to prioritize dual feasibility\n        factor = compute_adjustment_factor(1.0 / ratio, k)\n        new_rho = rho / factor\n        return new_rho, factor, \"div\"\n    else:\n        # Residuals are balanced\n        return rho, 1.0, \"keep\"\n>>>>>>> REPLACE\n\nThis implementation introduces several improvements:\n1. Uses the actual ratio of residuals to determine adjustments, which is more precise than fixed thresholds\n2. The adjustment factor is computed based on the residual ratio, but bounded to prevent extreme changes\n3. The threshold `mu` is dynamic, starting larger to allow more adjustments early and tightening over time\n4. The adjustment factor blends a base value with a ratio-based component that diminishes over iterations\n5. Includes a check for when both residuals are very small to avoid unnecessary adjustments\n\nThis should lead to faster convergence by making more appropriate adjustments to `rho` in early iterations while maintaining stability in later iterations. The use of `np.exp(-k/10.0)` ensures that adjustments become more conservative over time, preventing oscillations.\n\nNote: This implementation uses numpy functions, which are already imported."]}}, "artifacts_json": null, "artifact_dir": null, "embedding": null}