{"id": "be79e662-6942-48fe-a8d4-5b7783fdb933", "code": "# initial_program.py\n# This file is evolved by AlphaEvolve\n# Only update_rho (and helpers) should be modified\n\nimport numpy as np\n\n\ndef tau(k, c=1.0, p=1.2):\n    \"\"\"\n    Diminishing step size, must be summable.\n    AlphaEvolve is allowed to change this.\n    \"\"\"\n    return c / ((k + 1) ** p)\n\n\ndef update_rho(\n    rho,\n    k,\n    r_norm,\n    s_norm,\n    mu=3.0,\n    c=1.0,\n    p=1.2,\n    eps=1e-12,\n):\n    \"\"\"\n    Adaptive ADMM penalty update rule.\n\n    Inputs:\n        rho    : current penalty parameter\n        k      : iteration index\n        r_norm : ||primal residual||\n        s_norm : ||dual residual||\n    Outputs:\n        new_rho : updated rho\n        aux     : any auxiliary scalar (logged but not used)\n        mode    : string label (\"mul\", \"div\", \"keep\", etc.)\n\n    AlphaEvolve may change the internal logic,\n    but MUST respect the signature and return types.\n    \"\"\"\n\n    t = tau(k, c, p)\n    # Dynamic threshold: start larger, decrease to mu\n    # Using exponential decay for smooth transition\n    mu_adj = mu * (1.0 + 2.0 * np.exp(-0.1 * k))\n    \n    # Compute ratio safely\n    ratio = r_norm / max(s_norm, eps)\n    \n    # Determine update factor based on ratio, but bounded\n    # More aggressive early, conservative later\n    if ratio > mu_adj:\n        # Increase rho\n        fac = np.sqrt(ratio)\n        fac = min(fac, 1.5)  # Bound the factor\n        # Scale aggressiveness with iteration\n        fac = 1.0 + (fac - 1.0) * (1.0 - 0.5 * t)\n        new_rho = rho * fac\n        mode = \"mul\"\n    elif 1.0 / ratio > mu_adj:\n        # Decrease rho\n        fac = np.sqrt(1.0 / ratio)\n        fac = min(fac, 1.5)\n        fac = 1.0 + (fac - 1.0) * (1.0 - 0.5 * t)\n        new_rho = rho / fac\n        mode = \"div\"\n    else:\n        new_rho = rho\n        mode = \"keep\"\n    \n    # Clip rho to prevent extreme values\n    rho_min = 1e-6\n    rho_max = 1e6\n    new_rho = max(rho_min, min(new_rho, rho_max))\n    \n    return new_rho, t, mode\n", "language": "python", "parent_id": "e3e7b7e1-1592-4d78-8c9c-6a76f7a88c15", "generation": 1, "timestamp": 1768219171.5318542, "iteration_found": 10, "metrics": {"combined_score": 0.07116176210042219, "metrics": {"converged": true, "iters": 14, "combined_score": 0.07116176210042219}, "artifacts": {"status": "CONVERGED", "iterations": 14, "eval_time": "0.019s"}}, "complexity": 0.0, "diversity": 0.0, "metadata": {"changes": "Change 1: Replace 37 lines with 62 lines", "parent_metrics": {"combined_score": 0.043007227611818806, "metrics": {"converged": true, "iters": 23, "combined_score": 0.043007227611818806}, "artifacts": {"status": "CONVERGED", "iterations": 23, "eval_time": "0.021s"}}, "island": 0}, "prompts": {"diff_user": {"system": "You are an expert in numerical optimization and ADMM algorithms.\n\nYour task is to improve the function update_rho(rho, k, r_norm, s_norm, ...)\nused to adaptively update the ADMM penalty parameter.\n\nGoals:\n- Achieve faster convergence (fewer ADMM iterations)\n- Maintain numerical stability (avoid oscillating rho)\n- Balance primal and dual residuals efficiently\n\nConstraints:\n- You may ONLY modify the body of update_rho and helper functions in initial_program.py\n- The function signature and return types must remain unchanged\n- The code must be deterministic and numerically safe\n\nHints:\n- Consider using ratios or log-ratios of r_norm and s_norm\n- Early iterations may benefit from aggressive updates\n- Later iterations should favor stability\n- Piecewise or stateful strategies are allowed\n", "user": "# Current Program Information\n- Fitness: 0.0430\n- Feature coordinates: \n- Focus areas: - Fitness unchanged at 0.0430\n- No feature coordinates\n- Consider simplifying - code length exceeds 500 characters\n\n\n\n# Program Evolution History\n## Previous Attempts\n\n### Attempt 3\n- Changes: Unknown changes\n- Metrics: combined_score: 0.0430, metrics: {'converged': True, 'iters': 23, 'combined_score': 0.043007227611818806}, artifacts: {'status': 'CONVERGED', 'iterations': 23, 'eval_time': '0.021s'}\n- Outcome: Improvement in all metrics\n\n### Attempt 2\n- Changes: Change 1: Replace 37 lines with 45 lines\n- Metrics: combined_score: 0.0712, metrics: {'converged': True, 'iters': 14, 'combined_score': 0.0711810220834738}, artifacts: {'status': 'CONVERGED', 'iterations': 14, 'eval_time': '0.008s'}\n- Outcome: Improvement in all metrics\n\n### Attempt 1\n- Changes: Change 1: Replace 10 lines with 40 lines\n- Metrics: combined_score: 0.0753, metrics: {'converged': True, 'iters': 13, 'combined_score': 0.07533695935828097}, artifacts: {'status': 'CONVERGED', 'iterations': 13, 'eval_time': '0.006s'}\n- Outcome: Improvement in all metrics\n\n## Top Performing Programs\n\n### Program 1 (Score: 0.0753)\n```python\n# initial_program.py\n# This file is evolved by AlphaEvolve\n# Only update_rho (and helpers) should be modified\n\nimport numpy as np\n\n\ndef tau(k, c=1.0, p=1.2):\n    \"\"\"\n    Diminishing step size, must be summable.\n    AlphaEvolve is allowed to change this.\n    \"\"\"\n    return c / ((k + 1) ** p)\n\n\ndef update_rho(\n    rho,\n    k,\n    r_norm,\n    s_norm,\n    mu=3.0,\n    c=1.0,\n    p=1.2,\n    eps=1e-12,\n):\n    \"\"\"\n    Adaptive ADMM penalty update rule.\n\n    Inputs:\n        rho    : current penalty parameter\n        k      : iteration index\n        r_norm : ||primal residual||\n        s_norm : ||dual residual||\n    Outputs:\n        new_rho : updated rho\n        aux     : any auxiliary scalar (logged but not used)\n        mode    : string label (\"mul\", \"div\", \"keep\", etc.)\n\n    AlphaEvolve may change the internal logic,\n    but MUST respect the signature and return types.\n    \"\"\"\n\n    t = tau(k, c, p)\n    # Early iterations: more aggressive, later: more conservative\n    # Use a dynamic threshold that tightens over time\n    # mu is scaled by (1 + t) to be more permissive early, stricter later\n    dynamic_mu = mu * (1.0 + 2.0 * t)  # Starts larger, decreases to mu\n    \n    # Compute the ratio of residuals\n    ratio = r_norm / max(s_norm, eps)\n    \n    # If ratio is too large, increase rho; if too small, decrease rho\n    # But we want to avoid oscillating, so update smoothly\n    # Target ratio is 1.0\n    if ratio > dynamic_mu:\n        # Increase rho to reduce primal residual\n        # Update factor based on sqrt(ratio) but bounded\n        fac = np.sqrt(ratio)\n        # Clip factor to prevent extreme updates\n        fac = min(fac, 1.5)\n        # Make updates more aggressive early on\n        fac = 1.0 + (fac - 1.0) * (1.0 - 0.5 * t)\n        new_rho = rho * fac\n        mode = \"mul\"\n    elif 1.0 / ratio > dynamic_mu:\n        # Decrease rho to reduce dual residual\n        fac = np.sqrt(1.0 / ratio)\n        fac = min(fac, 1.5)\n        fac = 1.0 + (fac - 1.0) * (1.0 - 0.5 * t)\n        new_rho = rho / fac\n        mode = \"div\"\n    else:\n        new_rho = rho\n        mode = \"keep\"\n    \n    # Ensure rho doesn't become too large or too small\n    # Clip to a reasonable range\n    rho_min = 1e-6\n    rho_max = 1e6\n    new_rho = max(rho_min, min(new_rho, rho_max))\n    \n    return new_rho, t, mode\n\n```\nKey features: Performs well on combined_score (0.0753), Performs well on metrics ({'converged': True, 'iters': 13, 'combined_score': 0.07533695935828097}), Performs well on artifacts ({'status': 'CONVERGED', 'iterations': 13, 'eval_time': '0.006s'})\n\n### Program 2 (Score: 0.0712)\n```python\n# initial_program.py\n# This file is evolved by AlphaEvolve\n# Only update_rho (and helpers) should be modified\n\nimport numpy as np\n\n\ndef tau(k, c=1.0, p=1.2):\n    \"\"\"\n    Diminishing step size, must be summable.\n    AlphaEvolve is allowed to change this.\n    \"\"\"\n    return c / ((k + 1) ** p)\n\n\ndef update_rho(\n    rho,\n    k,\n    r_norm,\n    s_norm,\n    mu=3.0,\n    c=1.0,\n    p=1.2,\n    eps=1e-12,\n):\n    \"\"\"\n    Adaptive ADMM penalty update rule.\n\n    Inputs:\n        rho    : current penalty parameter\n        k      : iteration index\n        r_norm : ||primal residual||\n        s_norm : ||dual residual||\n    Outputs:\n        new_rho : updated rho\n        aux     : any auxiliary scalar (logged but not used)\n        mode    : string label (\"mul\", \"div\", \"keep\", etc.)\n\n    AlphaEvolve may change the internal logic,\n    but MUST respect the signature and return types.\n    \"\"\"\n\n    t = tau(k, c, p)\n    # Adjust mu to be tighter as iterations increase\n    # Start with a larger threshold early, then reduce to enforce balance\n    mu_adj = mu * (1.0 + 2.0 * np.exp(-0.1 * k))\n    \n    # Dynamic factor: more aggressive early, conservative later\n    # Base factor between 1.1 and 1.5 when k=0, decreasing to around 1.05\n    base_factor = 1.5 - 0.4 * np.tanh(0.1 * k)\n    fac = base_factor + t\n    \n    # Check if residuals are imbalanced\n    if r_norm > mu_adj * max(s_norm, eps):\n        return rho * fac, t, \"mul\"\n    \n    if s_norm > mu_adj * max(r_norm, eps):\n        return rho / fac, t, \"div\"\n    \n    return rho, t, \"keep\"\n\n```\nKey features: Performs well on combined_score (0.0712), Performs well on metrics ({'converged': True, 'iters': 14, 'combined_score': 0.0711810220834738}), Performs well on artifacts ({'status': 'CONVERGED', 'iterations': 14, 'eval_time': '0.008s'})\n\n### Program 3 (Score: 0.0430)\n```python\n# initial_program.py\n# This file is evolved by AlphaEvolve\n# Only update_rho (and helpers) should be modified\n\nimport numpy as np\n\n\ndef tau(k, c=1.0, p=1.2):\n    \"\"\"\n    Diminishing step size, must be summable.\n    AlphaEvolve is allowed to change this.\n    \"\"\"\n    return c / ((k + 1) ** p)\n\n\ndef update_rho(\n    rho,\n    k,\n    r_norm,\n    s_norm,\n    mu=3.0,\n    c=1.0,\n    p=1.2,\n    eps=1e-12,\n):\n    \"\"\"\n    Adaptive ADMM penalty update rule.\n\n    Inputs:\n        rho    : current penalty parameter\n        k      : iteration index\n        r_norm : ||primal residual||\n        s_norm : ||dual residual||\n    Outputs:\n        new_rho : updated rho\n        aux     : any auxiliary scalar (logged but not used)\n        mode    : string label (\"mul\", \"div\", \"keep\", etc.)\n\n    AlphaEvolve may change the internal logic,\n    but MUST respect the signature and return types.\n    \"\"\"\n\n    t = tau(k, c, p)\n    fac = 0.85 + t\n\n    if r_norm > mu * max(s_norm, eps):\n        return rho * fac, t, \"mul\"\n\n    if s_norm > mu * max(r_norm, eps):\n        return rho / fac, t, \"div\"\n\n    return rho, t, \"keep\"\n\n```\nKey features: Performs well on combined_score (0.0430), Performs well on metrics ({'converged': True, 'iters': 23, 'combined_score': 0.043007227611818806}), Performs well on artifacts ({'status': 'CONVERGED', 'iterations': 23, 'eval_time': '0.021s'})\n\n## Inspiration Programs\n\nThese programs represent diverse approaches and creative solutions that may inspire new ideas:\n\n### Inspiration 1 (Score: 0.0753, Type: Exploratory)\n```python\n# initial_program.py\n# This file is evolved by AlphaEvolve\n# Only update_rho (and helpers) should be modified\n\nimport numpy as np\n\n\ndef tau(k, c=1.0, p=1.2):\n    \"\"\"\n    Diminishing step size, must be summable.\n    AlphaEvolve is allowed to change this.\n    \"\"\"\n    return c / ((k + 1) ** p)\n\n\ndef update_rho(\n    rho,\n    k,\n    r_norm,\n    s_norm,\n    mu=3.0,\n    c=1.0,\n    p=1.2,\n    eps=1e-12,\n):\n    \"\"\"\n    Adaptive ADMM penalty update rule.\n\n    Inputs:\n        rho    : current penalty parameter\n        k      : iteration index\n        r_norm : ||primal residual||\n        s_norm : ||dual residual||\n    Outputs:\n        new_rho : updated rho\n        aux     : any auxiliary scalar (logged but not used)\n        mode    : string label (\"mul\", \"div\", \"keep\", etc.)\n\n    AlphaEvolve may change the internal logic,\n    but MUST respect the signature and return types.\n    \"\"\"\n\n    t = tau(k, c, p)\n    # Early iterations: more aggressive, later: more conservative\n    # Use a dynamic threshold that tightens over time\n    # mu is scaled by (1 + t) to be more permissive early, stricter later\n    dynamic_mu = mu * (1.0 + 2.0 * t)  # Starts larger, decreases to mu\n    \n    # Compute the ratio of residuals\n    ratio = r_norm / max(s_norm, eps)\n    \n    # If ratio is too large, increase rho; if too small, decrease rho\n    # But we want to avoid oscillating, so update smoothly\n    # Target ratio is 1.0\n    if ratio > dynamic_mu:\n        # Increase rho to reduce primal residual\n        # Update factor based on sqrt(ratio) but bounded\n        fac = np.sqrt(ratio)\n        # Clip factor to prevent extreme updates\n        fac = min(fac, 1.5)\n        # Make updates more aggressive early on\n        fac = 1.0 + (fac - 1.0) * (1.0 - 0.5 * t)\n        new_rho = rho * fac\n        mode = \"mul\"\n    elif 1.0 / ratio > dynamic_mu:\n        # Decrease rho to reduce dual residual\n        fac = np.sqrt(1.0 / ratio)\n        fac = min(fac, 1.5)\n        fac = 1.0 + (fac - 1.0) * (1.0 - 0.5 * t)\n        new_rho = rho / fac\n        mode = \"div\"\n    else:\n        new_rho = rho\n        mode = \"keep\"\n    \n    # Ensure rho doesn't become too large or too small\n    # Clip to a reasonable range\n    rho_min = 1e-6\n    rho_max = 1e6\n    new_rho = max(rho_min, min(new_rho, rho_max))\n    \n    return new_rho, t, mode\n\n```\nUnique approach: Modification:, [Fragment formatting error: 'metric_name'], NumPy-based implementation\n\n### Inspiration 2 (Score: 0.0712, Type: Exploratory)\n```python\n# initial_program.py\n# This file is evolved by AlphaEvolve\n# Only update_rho (and helpers) should be modified\n\nimport numpy as np\n\n\ndef tau(k, c=1.0, p=1.2):\n    \"\"\"\n    Diminishing step size, must be summable.\n    AlphaEvolve is allowed to change this.\n    \"\"\"\n    return c / ((k + 1) ** p)\n\n\ndef update_rho(\n    rho,\n    k,\n    r_norm,\n    s_norm,\n    mu=3.0,\n    c=1.0,\n    p=1.2,\n    eps=1e-12,\n):\n    \"\"\"\n    Adaptive ADMM penalty update rule.\n\n    Inputs:\n        rho    : current penalty parameter\n        k      : iteration index\n        r_norm : ||primal residual||\n        s_norm : ||dual residual||\n    Outputs:\n        new_rho : updated rho\n        aux     : any auxiliary scalar (logged but not used)\n        mode    : string label (\"mul\", \"div\", \"keep\", etc.)\n\n    AlphaEvolve may change the internal logic,\n    but MUST respect the signature and return types.\n    \"\"\"\n\n    t = tau(k, c, p)\n    # Adjust mu to be tighter as iterations increase\n    # Start with a larger threshold early, then reduce to enforce balance\n    mu_adj = mu * (1.0 + 2.0 * np.exp(-0.1 * k))\n    \n    # Dynamic factor: more aggressive early, conservative later\n    # Base factor between 1.1 and 1.5 when k=0, decreasing to around 1.05\n    base_factor = 1.5 - 0.4 * np.tanh(0.1 * k)\n    fac = base_factor + t\n    \n    # Check if residuals are imbalanced\n    if r_norm > mu_adj * max(s_norm, eps):\n        return rho * fac, t, \"mul\"\n    \n    if s_norm > mu_adj * max(r_norm, eps):\n        return rho / fac, t, \"div\"\n    \n    return rho, t, \"keep\"\n\n```\nUnique approach: Modification:, [Fragment formatting error: 'metric_name'], NumPy-based implementation\n\n# Current Program\n```python\n# initial_program.py\n# This file is evolved by AlphaEvolve\n# Only update_rho (and helpers) should be modified\n\nimport numpy as np\n\n\ndef tau(k, c=1.0, p=1.2):\n    \"\"\"\n    Diminishing step size, must be summable.\n    AlphaEvolve is allowed to change this.\n    \"\"\"\n    return c / ((k + 1) ** p)\n\n\ndef update_rho(\n    rho,\n    k,\n    r_norm,\n    s_norm,\n    mu=3.0,\n    c=1.0,\n    p=1.2,\n    eps=1e-12,\n):\n    \"\"\"\n    Adaptive ADMM penalty update rule.\n\n    Inputs:\n        rho    : current penalty parameter\n        k      : iteration index\n        r_norm : ||primal residual||\n        s_norm : ||dual residual||\n    Outputs:\n        new_rho : updated rho\n        aux     : any auxiliary scalar (logged but not used)\n        mode    : string label (\"mul\", \"div\", \"keep\", etc.)\n\n    AlphaEvolve may change the internal logic,\n    but MUST respect the signature and return types.\n    \"\"\"\n\n    t = tau(k, c, p)\n    fac = 0.85 + t\n\n    if r_norm > mu * max(s_norm, eps):\n        return rho * fac, t, \"mul\"\n\n    if s_norm > mu * max(r_norm, eps):\n        return rho / fac, t, \"div\"\n\n    return rho, t, \"keep\"\n\n```\n\n# Task\nSuggest improvements to the program that will improve its FITNESS SCORE.\nThe system maintains diversity across these dimensions: complexity, diversity\nDifferent solutions with similar fitness but different features are valuable.\n\nYou MUST use the exact SEARCH/REPLACE diff format shown below to indicate changes:\n\n<<<<<<< SEARCH\n# Original code to find and replace (must match exactly)\n=======\n# New replacement code\n>>>>>>> REPLACE\n\nExample of valid diff format:\n<<<<<<< SEARCH\nfor i in range(m):\n    for j in range(p):\n        for k in range(n):\n            C[i, j] += A[i, k] * B[k, j]\n=======\n# Reorder loops for better memory access pattern\nfor i in range(m):\n    for k in range(n):\n        for j in range(p):\n            C[i, j] += A[i, k] * B[k, j]\n>>>>>>> REPLACE\n\nYou can suggest multiple changes. Each SEARCH section must exactly match code in the current program.\nBe thoughtful about your changes and explain your reasoning thoroughly.\n\nIMPORTANT: Do not rewrite the entire program - focus on targeted improvements.", "responses": ["Looking at the current program, it's very simple and seems to be performing decently (fitness 0.0430, 23 iterations). However, the top-performing programs (fitness 0.0753, 13 iterations) use more sophisticated strategies. The key differences are:\n1. They use dynamic thresholds that change with iteration count\n2. They adjust update factors based on residual ratios\n3. They clip rho to prevent extreme values\n\nThe current program uses a fixed threshold (mu=3.0) and a fixed update factor (0.85 + t). This may not adapt well to different stages of convergence.\n\nLet's improve by incorporating ideas from the top programs while keeping the code concise (to avoid exceeding 500 characters). We'll:\n1. Make the threshold dynamic: start larger and decrease to mu\n2. Make the update factor depend on the residual ratio, but bounded\n3. Add clipping to prevent extreme rho values\n4. Keep the code efficient and numerically stable\n\nHere are the changes:\n\n<<<<<<< SEARCH\ndef update_rho(\n    rho,\n    k,\n    r_norm,\n    s_norm,\n    mu=3.0,\n    c=1.0,\n    p=1.2,\n    eps=1e-12,\n):\n    \"\"\"\n    Adaptive ADMM penalty update rule.\n\n    Inputs:\n        rho    : current penalty parameter\n        k      : iteration index\n        r_norm : ||primal residual||\n        s_norm : ||dual residual||\n    Outputs:\n        new_rho : updated rho\n        aux     : any auxiliary scalar (logged but not used)\n        mode    : string label (\"mul\", \"div\", \"keep\", etc.)\n\n    AlphaEvolve may change the internal logic,\n    but MUST respect the signature and return types.\n    \"\"\"\n\n    t = tau(k, c, p)\n    fac = 0.85 + t\n\n    if r_norm > mu * max(s_norm, eps):\n        return rho * fac, t, \"mul\"\n\n    if s_norm > mu * max(r_norm, eps):\n        return rho / fac, t, \"div\"\n\n    return rho, t, \"keep\"\n=======\ndef update_rho(\n    rho,\n    k,\n    r_norm,\n    s_norm,\n    mu=3.0,\n    c=1.0,\n    p=1.2,\n    eps=1e-12,\n):\n    \"\"\"\n    Adaptive ADMM penalty update rule.\n\n    Inputs:\n        rho    : current penalty parameter\n        k      : iteration index\n        r_norm : ||primal residual||\n        s_norm : ||dual residual||\n    Outputs:\n        new_rho : updated rho\n        aux     : any auxiliary scalar (logged but not used)\n        mode    : string label (\"mul\", \"div\", \"keep\", etc.)\n\n    AlphaEvolve may change the internal logic,\n    but MUST respect the signature and return types.\n    \"\"\"\n\n    t = tau(k, c, p)\n    # Dynamic threshold: start larger, decrease to mu\n    # Using exponential decay for smooth transition\n    mu_adj = mu * (1.0 + 2.0 * np.exp(-0.1 * k))\n    \n    # Compute ratio safely\n    ratio = r_norm / max(s_norm, eps)\n    \n    # Determine update factor based on ratio, but bounded\n    # More aggressive early, conservative later\n    if ratio > mu_adj:\n        # Increase rho\n        fac = np.sqrt(ratio)\n        fac = min(fac, 1.5)  # Bound the factor\n        # Scale aggressiveness with iteration\n        fac = 1.0 + (fac - 1.0) * (1.0 - 0.5 * t)\n        new_rho = rho * fac\n        mode = \"mul\"\n    elif 1.0 / ratio > mu_adj:\n        # Decrease rho\n        fac = np.sqrt(1.0 / ratio)\n        fac = min(fac, 1.5)\n        fac = 1.0 + (fac - 1.0) * (1.0 - 0.5 * t)\n        new_rho = rho / fac\n        mode = \"div\"\n    else:\n        new_rho = rho\n        mode = \"keep\"\n    \n    # Clip rho to prevent extreme values\n    rho_min = 1e-6\n    rho_max = 1e6\n    new_rho = max(rho_min, min(new_rho, rho_max))\n    \n    return new_rho, t, mode\n>>>>>>> REPLACE\n\nThis implementation:\n1. Uses a dynamic threshold `mu_adj` that starts at 3*mu when k=0 and decays to mu as k increases. This allows more aggressive updates early when the algorithm is far from convergence.\n2. Computes the ratio of residuals to decide the update direction and magnitude.\n3. The update factor is based on the square root of the ratio, which provides a smooth adjustment. It's bounded to 1.5 to prevent extreme updates.\n4. The aggressiveness of updates decreases with iterations via the `(1.0 - 0.5 * t)` term, where `t` decreases with k.\n5. Clipping rho prevents numerical issues from very large or very small values.\n\nThis should lead to faster convergence by making more appropriate adjustments to rho at different stages, balancing primal and dual residuals more effectively while maintaining numerical stability."]}}, "artifacts_json": null, "artifact_dir": null, "embedding": null}