{"id": "e2695b80-7ada-4265-9927-682c7ee8a88d", "code": "# initial_program.py\n# This file is evolved by AlphaEvolve\n# Only update_rho (and helpers) should be modified\n\nimport numpy as np\n\n\ndef tau(k, c=1.0, p=1.2):\n    \"\"\"\n    Diminishing step size, must be summable.\n    AlphaEvolve is allowed to change this.\n    \"\"\"\n    return c / ((k + 1) ** p)\n\n\ndef update_rho(\n    rho,\n    k,\n    r_norm,\n    s_norm,\n    mu=3.0,\n    c=1.0,\n    p=1.2,\n    eps=1e-12,\n):\n    \"\"\"\n    Adaptive ADMM penalty update rule.\n\n    Inputs:\n        rho    : current penalty parameter\n        k      : iteration index\n        r_norm : ||primal residual||\n        s_norm : ||dual residual||\n    Outputs:\n        new_rho : updated rho\n        aux     : any auxiliary scalar (logged but not used)\n        mode    : string label (\"mul\", \"div\", \"keep\", etc.)\n\n    AlphaEvolve may change the internal logic,\n    but MUST respect the signature and return types.\n    \"\"\"\n    # Adjust threshold based on iteration: more aggressive early\n    if k < 10:\n        effective_mu = 2.0\n    else:\n        effective_mu = mu\n    \n    # Compute ratio\n    ratio = r_norm / max(s_norm, eps)\n    \n    # Determine base factor based on iteration\n    if k < 5:\n        base_factor = 1.5\n    elif k < 20:\n        base_factor = 1.2\n    else:\n        base_factor = 1.1\n    \n    # Use tau to make updates diminish over time\n    t = tau(k, c, p)\n    factor = max(base_factor - t, 1.05)\n    \n    # Update decision\n    if ratio > effective_mu:\n        new_rho = rho * factor\n        mode = \"mul\"\n    elif 1.0 / ratio > effective_mu:\n        new_rho = rho / factor\n        mode = \"div\"\n    else:\n        new_rho = rho\n        mode = \"keep\"\n    \n    # Bound rho for numerical stability\n    new_rho = max(min(new_rho, 1e6), 1e-6)\n    \n    # Use ratio as auxiliary value\n    aux = ratio\n    return new_rho, aux, mode\n", "language": "python", "parent_id": "0c93df24-dcd8-4092-a497-57043a0f6204", "generation": 3, "timestamp": 1768219387.244669, "iteration_found": 28, "metrics": {"combined_score": 0.08261401069195577, "metrics": {"converged": true, "iters": 12, "combined_score": 0.08261401069195577}, "artifacts": {"status": "CONVERGED", "iterations": 12, "eval_time": "0.033s"}}, "complexity": 0.0, "diversity": 0.0, "metadata": {"changes": "Change 1: Replace 51 lines with 64 lines", "parent_metrics": {"combined_score": 0.0766992980527246, "metrics": {"converged": true, "iters": 13, "combined_score": 0.0766992980527246}, "artifacts": {"status": "CONVERGED", "iterations": 13, "eval_time": "0.019s"}}, "island": 0}, "prompts": {"diff_user": {"system": "You are an expert in numerical optimization and ADMM algorithms.\n\nYour task is to improve the function update_rho(rho, k, r_norm, s_norm, ...)\nused to adaptively update the ADMM penalty parameter.\n\nGoals:\n- Achieve faster convergence (fewer ADMM iterations)\n- Maintain numerical stability (avoid oscillating rho)\n- Balance primal and dual residuals efficiently\n\nConstraints:\n- You may ONLY modify the body of update_rho and helper functions in initial_program.py\n- The function signature and return types must remain unchanged\n- The code must be deterministic and numerically safe\n\nHints:\n- Consider using ratios or log-ratios of r_norm and s_norm\n- Early iterations may benefit from aggressive updates\n- Later iterations should favor stability\n- Piecewise or stateful strategies are allowed\n", "user": "# Current Program Information\n- Fitness: 0.0767\n- Feature coordinates: \n- Focus areas: - Fitness declined: 0.0826 \u2192 0.0767. Consider revising recent changes.\n- No feature coordinates\n- Consider simplifying - code length exceeds 500 characters\n\n\n\n# Program Evolution History\n## Previous Attempts\n\n### Attempt 3\n- Changes: Change 1: Replace 62 lines with 75 lines\n- Metrics: combined_score: 0.0826, metrics: {'converged': True, 'iters': 12, 'combined_score': 0.08261401069195577}, artifacts: {'status': 'CONVERGED', 'iterations': 12, 'eval_time': '0.017s'}\n- Outcome: Improvement in all metrics\n\n### Attempt 2\n- Changes: Change 1: Replace 56 lines with 76 lines\n- Metrics: combined_score: 0.0826, metrics: {'converged': True, 'iters': 12, 'combined_score': 0.08261401069195577}, artifacts: {'status': 'CONVERGED', 'iterations': 12, 'eval_time': '0.008s'}\n- Outcome: Improvement in all metrics\n\n### Attempt 1\n- Changes: Change 1: Replace 45 lines with 64 lines\n- Metrics: combined_score: 0.0829, metrics: {'converged': True, 'iters': 12, 'combined_score': 0.08292338142301477}, artifacts: {'status': 'CONVERGED', 'iterations': 12, 'eval_time': '0.045s'}\n- Outcome: Improvement in all metrics\n\n## Top Performing Programs\n\n### Program 1 (Score: 0.0829)\n```python\n# initial_program.py\n# This file is evolved by AlphaEvolve\n# Only update_rho (and helpers) should be modified\n\nimport numpy as np\n\n\ndef tau(k, c=1.0, p=1.2):\n    \"\"\"\n    Diminishing step size, must be summable.\n    AlphaEvolve is allowed to change this.\n    \"\"\"\n    return c / ((k + 1) ** p)\n\n\ndef update_rho(\n    rho,\n    k,\n    r_norm,\n    s_norm,\n    mu=3.0,\n    c=1.0,\n    p=1.2,\n    eps=1e-12,\n):\n    \"\"\"\n    Adaptive ADMM penalty update rule.\n\n    Inputs:\n        rho    : current penalty parameter\n        k      : iteration index\n        r_norm : ||primal residual||\n        s_norm : ||dual residual||\n    Outputs:\n        new_rho : updated rho\n        aux     : any auxiliary scalar (logged but not used)\n        mode    : string label (\"mul\", \"div\", \"keep\", etc.)\n\n    AlphaEvolve may change the internal logic,\n    but MUST respect the signature and return types.\n    \"\"\"\n    t = tau(k, c, p)\n    # Compute the ratio of residuals, handling small values\n    ratio = r_norm / max(s_norm, eps)\n    \n    # Determine update factor based on iteration\n    # Early iterations: larger updates, later: smaller updates\n    if k < 5:\n        base_factor = 1.5\n    elif k < 20:\n        base_factor = 1.2\n    else:\n        base_factor = 1.1\n    \n    # Adjust factor with diminishing component\n    # We want to reduce the factor as iterations increase\n    factor = base_factor - t\n    # Ensure factor is at least 1.05 to avoid too small updates\n    factor = max(factor, 1.05)\n    \n    # Check conditions\n    if ratio > mu:\n        # Primal residual is too large relative to dual residual\n        new_rho = rho * factor\n        mode = \"mul\"\n    elif 1.0 / ratio > mu:\n        # Dual residual is too large relative to primal residual\n        new_rho = rho / factor\n        mode = \"div\"\n    else:\n        new_rho = rho\n        mode = \"keep\"\n    \n    # For numerical stability, bound rho between 1e-6 and 1e6\n    new_rho = max(min(new_rho, 1e6), 1e-6)\n    \n    # Use the ratio as auxiliary information\n    aux = ratio\n    return new_rho, aux, mode\n\n```\nKey features: Performs well on combined_score (0.0829), Performs well on metrics ({'converged': True, 'iters': 12, 'combined_score': 0.08292338142301477}), Performs well on artifacts ({'status': 'CONVERGED', 'iterations': 12, 'eval_time': '0.045s'})\n\n### Program 2 (Score: 0.0826)\n```python\n# initial_program.py\n# This file is evolved by AlphaEvolve\n# Only update_rho (and helpers) should be modified\n\nimport numpy as np\n\n\ndef tau(k, c=1.0, p=1.2):\n    \"\"\"\n    Diminishing step size, must be summable.\n    AlphaEvolve is allowed to change this.\n    \"\"\"\n    return c / ((k + 1) ** p)\n\n\ndef update_rho(\n    rho,\n    k,\n    r_norm,\n    s_norm,\n    mu=3.0,\n    c=1.0,\n    p=1.2,\n    eps=1e-12,\n):\n    \"\"\"\n    Adaptive ADMM penalty update rule.\n\n    Inputs:\n        rho    : current penalty parameter\n        k      : iteration index\n        r_norm : ||primal residual||\n        s_norm : ||dual residual||\n    Outputs:\n        new_rho : updated rho\n        aux     : any auxiliary scalar (logged but not used)\n        mode    : string label (\"mul\", \"div\", \"keep\", etc.)\n\n    AlphaEvolve may change the internal logic,\n    but MUST respect the signature and return types.\n    \"\"\"\n    # Adjust mu based on iteration: more aggressive early (smaller threshold)\n    if k < 10:\n        effective_mu = 2.0\n    else:\n        effective_mu = mu\n    \n    # Compute the ratio of residuals\n    r_ratio = r_norm / max(s_norm, eps)\n    s_ratio = s_norm / max(r_norm, eps)\n    \n    # Determine update factor based on iteration\n    # Early iterations: larger updates, later: smaller updates\n    if k < 5:\n        base_factor = 1.5\n    elif k < 20:\n        base_factor = 1.2\n    else:\n        base_factor = 1.1\n    \n    # Use tau to add diminishing component\n    t = tau(k, c, p)\n    # The adjustment factor should be between base_factor and 1/base_factor\n    # But we want to make sure updates are not too small\n    if r_ratio > effective_mu:\n        # Primal residual is too large relative to dual residual\n        # Increase rho to penalize primal infeasibility more\n        # Use a factor that decreases with iterations\n        factor = base_factor - t\n        # Ensure factor is at least 1.05\n        factor = max(factor, 1.05)\n        new_rho = rho * factor\n        mode = \"mul\"\n    elif s_ratio > effective_mu:\n        # Dual residual is too large relative to primal residual\n        # Decrease rho to penalize dual infeasibility more\n        factor = base_factor - t\n        factor = max(factor, 1.05)\n        new_rho = rho / factor\n        mode = \"div\"\n    else:\n        # Both residuals are balanced\n        new_rho = rho\n        mode = \"keep\"\n    \n    # For numerical stability, bound rho between 1e-6 and 1e6\n    new_rho = max(min(new_rho, 1e6), 1e-6)\n    \n    # Use the ratio as auxiliary information\n    aux = r_ratio if r_ratio > s_ratio else s_ratio\n    return new_rho, aux, mode\n\n```\nKey features: Performs well on combined_score (0.0826), Performs well on metrics ({'converged': True, 'iters': 12, 'combined_score': 0.08261401069195577}), Performs well on artifacts ({'status': 'CONVERGED', 'iterations': 12, 'eval_time': '0.008s'})\n\n### Program 3 (Score: 0.0826)\n```python\n# initial_program.py\n# This file is evolved by AlphaEvolve\n# Only update_rho (and helpers) should be modified\n\nimport numpy as np\n\n\ndef tau(k, c=1.0, p=1.2):\n    \"\"\"\n    Diminishing step size, must be summable.\n    AlphaEvolve is allowed to change this.\n    \"\"\"\n    return c / ((k + 1) ** p)\n\n\ndef update_rho(\n    rho,\n    k,\n    r_norm,\n    s_norm,\n    mu=3.0,\n    c=1.0,\n    p=1.2,\n    eps=1e-12,\n):\n    \"\"\"\n    Adaptive ADMM penalty update rule.\n\n    Inputs:\n        rho    : current penalty parameter\n        k      : iteration index\n        r_norm : ||primal residual||\n        s_norm : ||dual residual||\n    Outputs:\n        new_rho : updated rho\n        aux     : any auxiliary scalar (logged but not used)\n        mode    : string label (\"mul\", \"div\", \"keep\", etc.)\n\n    AlphaEvolve may change the internal logic,\n    but MUST respect the signature and return types.\n    \"\"\"\n    # Adjust mu based on iteration: more aggressive early, conservative later\n    if k < 10:\n        effective_mu = 2.0  # Lower threshold to update more frequently early\n    else:\n        effective_mu = mu\n    \n    # Compute the ratio of residuals\n    ratio = r_norm / max(s_norm, eps)\n    \n    # Determine base update factor based on iteration\n    # Early: larger updates, later: smaller updates\n    if k < 5:\n        base_factor = 1.5\n    elif k < 20:\n        base_factor = 1.2\n    else:\n        base_factor = 1.1\n    \n    # Use tau to add diminishing component\n    t = tau(k, c, p)\n    \n    # Check if we need to update\n    if ratio > effective_mu:\n        # Primal residual too large: increase rho\n        # Make factor diminish with iterations\n        factor = base_factor - t\n        # Ensure factor is at least 1.05 for meaningful updates\n        factor = max(factor, 1.05)\n        new_rho = rho * factor\n        mode = \"mul\"\n    elif 1.0 / ratio > effective_mu:\n        # Dual residual too large: decrease rho\n        factor = base_factor - t\n        factor = max(factor, 1.05)\n        new_rho = rho / factor\n        mode = \"div\"\n    else:\n        # Balanced residuals\n        new_rho = rho\n        mode = \"keep\"\n    \n    # Clip rho to maintain numerical stability\n    rho_min = 1e-6\n    rho_max = 1e6\n    new_rho = max(rho_min, min(new_rho, rho_max))\n    \n    # Use the ratio as auxiliary information\n    aux = ratio\n    return new_rho, aux, mode\n\n```\nKey features: Performs well on combined_score (0.0826), Performs well on metrics ({'converged': True, 'iters': 12, 'combined_score': 0.08261401069195577}), Performs well on artifacts ({'status': 'CONVERGED', 'iterations': 12, 'eval_time': '0.017s'})\n\n\n\n## Diverse Programs\n\n### Program D1 (Score: 0.0826)\n```python\n# initial_program.py\n# This file is evolved by AlphaEvolve\n# Only update_rho (and helpers) should be modified\n\nimport numpy as np\n\n\ndef tau(k, c=1.0, p=1.2):\n    \"\"\"\n    Diminishing step size, must be summable.\n    AlphaEvolve is allowed to change this.\n    \"\"\"\n    return c / ((k + 1) ** p)\n\n\ndef update_rho(\n    rho,\n    k,\n    r_norm,\n    s_norm,\n    mu=3.0,\n    c=1.0,\n    p=1.2,\n    eps=1e-12,\n):\n    \"\"\"\n    Adaptive ADMM penalty update rule.\n\n    Inputs:\n        rho    : current penalty parameter\n        k      : iteration index\n        r_norm : ||primal residual||\n        s_norm : ||dual residual||\n    Outputs:\n        new_rho : updated rho\n        aux     : any auxiliary scalar (logged but not used)\n        mode    : string label (\"mul\", \"div\", \"keep\", etc.)\n\n    AlphaEvolve may change the internal logic,\n    but MUST respect the signature and return types.\n    \"\"\"\n    # Adjust mu based on iteration to be more aggressive early on\n    # For early iterations, use a smaller threshold to update more frequently\n    if k < 10:\n        effective_mu = 2.0\n    else:\n        effective_mu = mu\n    \n    # Compute the ratio of residuals, handling small values\n    r_ratio = r_norm / max(s_norm, eps)\n    s_ratio = s_norm / max(r_norm, eps)\n    \n    # Determine update factor based on iteration\n    # Early iterations: larger updates, later: smaller updates\n    if k < 5:\n        base_factor = 1.5\n    elif k < 20:\n        base_factor = 1.2\n    else:\n        base_factor = 1.1\n    \n    # Use tau to add diminishing component\n    t = tau(k, c, p)\n    # The adjustment factor should be between base_factor and 1/base_factor\n    # But we want to make sure updates are not too small\n    if r_ratio > effective_mu:\n        # Primal residual is too large relative to dual residual\n        # Increase rho to penalize primal infeasibility more\n        # Use a factor that decreases with iterations\n        factor = base_factor - t\n        # Ensure factor is at least 1.05\n        factor = max(factor, 1.05)\n        new_rho = rho * factor\n        mode = \"mul\"\n    elif s_ratio > effective_mu:\n        # Dual residual is too large relative to primal residual\n        # Decrease rho to penalize dual infeasibility more\n        factor = base_factor - t\n        factor = max(factor, 1.05)\n        new_rho = rho / factor\n        mode = \"div\"\n    else:\n        # Both residuals are balanced\n        new_rho = rho\n        mode = \"keep\"\n    \n    # For numerical stability, bound rho between 1e-6 and 1e6\n    new_rho = max(min(new_rho, 1e6), 1e-6)\n    \n    # Use the ratio as auxiliary information\n    aux = r_ratio if r_ratio > s_ratio else s_ratio\n    return new_rho, aux, mode\n\n```\nKey features: Alternative approach to combined_score, Alternative approach to metrics\n\n### Program D2 (Score: 0.0826)\n```python\n# initial_program.py\n# This file is evolved by AlphaEvolve\n# Only update_rho (and helpers) should be modified\n\nimport numpy as np\n\n\ndef tau(k, c=1.0, p=1.2):\n    \"\"\"\n    Diminishing step size, must be summable.\n    AlphaEvolve is allowed to change this.\n    \"\"\"\n    return c / ((k + 1) ** p)\n\n\ndef update_rho(\n    rho,\n    k,\n    r_norm,\n    s_norm,\n    mu=3.0,\n    c=1.0,\n    p=1.2,\n    eps=1e-12,\n):\n    \"\"\"\n    Adaptive ADMM penalty update rule.\n\n    Inputs:\n        rho    : current penalty parameter\n        k      : iteration index\n        r_norm : ||primal residual||\n        s_norm : ||dual residual||\n    Outputs:\n        new_rho : updated rho\n        aux     : any auxiliary scalar (logged but not used)\n        mode    : string label (\"mul\", \"div\", \"keep\", etc.)\n\n    AlphaEvolve may change the internal logic,\n    but MUST respect the signature and return types.\n    \"\"\"\n    # Adjust mu based on iteration to be more aggressive early on\n    if k < 10:\n        effective_mu = 2.0\n    else:\n        effective_mu = mu\n    \n    # Compute the ratio of residuals, handling small values\n    r_ratio = r_norm / max(s_norm, eps)\n    s_ratio = s_norm / max(r_norm, eps)\n    \n    # Determine update factor based on iteration\n    if k < 5:\n        base_factor = 1.5\n    elif k < 20:\n        base_factor = 1.2\n    else:\n        base_factor = 1.1\n    \n    # Use tau to add diminishing component\n    t = tau(k, c, p)\n    # The adjustment factor should be between base_factor and 1/base_factor\n    # But we want to make sure updates are not too small\n    if r_ratio > effective_mu:\n        # Primal residual is too large relative to dual residual\n        # Increase rho to penalize primal infeasibility more\n        # Use a factor that decreases with iterations\n        factor = base_factor - t\n        # Ensure factor is at least 1.05\n        factor = max(factor, 1.05)\n        new_rho = rho * factor\n        mode = \"mul\"\n    elif s_ratio > effective_mu:\n        # Dual residual is too large relative to primal residual\n        # Decrease rho to penalize dual infeasibility more\n        factor = base_factor - t\n        factor = max(factor, 1.05)\n        new_rho = rho / factor\n        mode = \"div\"\n    else:\n        # Both residuals are balanced\n        new_rho = rho\n        mode = \"keep\"\n    \n    # For numerical stability, bound rho between 1e-6 and 1e6\n    new_rho = max(min(new_rho, 1e6), 1e-6)\n    \n    # Use the ratio as auxiliary information\n    aux = r_ratio if r_ratio > s_ratio else s_ratio\n    return new_rho, aux, mode\n\n```\nKey features: Alternative approach to combined_score, Alternative approach to metrics\n\n## Inspiration Programs\n\nThese programs represent diverse approaches and creative solutions that may inspire new ideas:\n\n### Inspiration 1 (Score: 0.0826, Type: Exploratory)\n```python\n# initial_program.py\n# This file is evolved by AlphaEvolve\n# Only update_rho (and helpers) should be modified\n\nimport numpy as np\n\n\ndef tau(k, c=1.0, p=1.2):\n    \"\"\"\n    Diminishing step size, must be summable.\n    AlphaEvolve is allowed to change this.\n    \"\"\"\n    return c / ((k + 1) ** p)\n\n\ndef update_rho(\n    rho,\n    k,\n    r_norm,\n    s_norm,\n    mu=3.0,\n    c=1.0,\n    p=1.2,\n    eps=1e-12,\n):\n    \"\"\"\n    Adaptive ADMM penalty update rule.\n\n    Inputs:\n        rho    : current penalty parameter\n        k      : iteration index\n        r_norm : ||primal residual||\n        s_norm : ||dual residual||\n    Outputs:\n        new_rho : updated rho\n        aux     : any auxiliary scalar (logged but not used)\n        mode    : string label (\"mul\", \"div\", \"keep\", etc.)\n\n    AlphaEvolve may change the internal logic,\n    but MUST respect the signature and return types.\n    \"\"\"\n    # Adjust mu based on iteration: more aggressive early, conservative later\n    if k < 10:\n        effective_mu = 2.0  # Lower threshold to update more frequently early\n    else:\n        effective_mu = mu\n    \n    # Compute the ratio of residuals\n    ratio = r_norm / max(s_norm, eps)\n    \n    # Determine base update factor based on iteration\n    # Early: larger updates, later: smaller updates\n    if k < 5:\n        base_factor = 1.5\n    elif k < 20:\n        base_factor = 1.2\n    else:\n        base_factor = 1.1\n    \n    # Use tau to add diminishing component\n    t = tau(k, c, p)\n    \n    # Check if we need to update\n    if ratio > effective_mu:\n        # Primal residual too large: increase rho\n        # Make factor diminish with iterations\n        factor = base_factor - t\n        # Ensure factor is at least 1.05 for meaningful updates\n        factor = max(factor, 1.05)\n        new_rho = rho * factor\n        mode = \"mul\"\n    elif 1.0 / ratio > effective_mu:\n        # Dual residual too large: decrease rho\n        factor = base_factor - t\n        factor = max(factor, 1.05)\n        new_rho = rho / factor\n        mode = \"div\"\n    else:\n        # Balanced residuals\n        new_rho = rho\n        mode = \"keep\"\n    \n    # Clip rho to maintain numerical stability\n    rho_min = 1e-6\n    rho_max = 1e6\n    new_rho = max(rho_min, min(new_rho, rho_max))\n    \n    # Use the ratio as auxiliary information\n    aux = ratio\n    return new_rho, aux, mode\n\n```\nUnique approach: Modification:, [Fragment formatting error: 'metric_name'], NumPy-based implementation\n\n### Inspiration 2 (Score: 0.0826, Type: Exploratory)\n```python\n# initial_program.py\n# This file is evolved by AlphaEvolve\n# Only update_rho (and helpers) should be modified\n\nimport numpy as np\n\n\ndef tau(k, c=1.0, p=1.2):\n    \"\"\"\n    Diminishing step size, must be summable.\n    AlphaEvolve is allowed to change this.\n    \"\"\"\n    return c / ((k + 1) ** p)\n\n\ndef update_rho(\n    rho,\n    k,\n    r_norm,\n    s_norm,\n    mu=3.0,\n    c=1.0,\n    p=1.2,\n    eps=1e-12,\n):\n    \"\"\"\n    Adaptive ADMM penalty update rule.\n\n    Inputs:\n        rho    : current penalty parameter\n        k      : iteration index\n        r_norm : ||primal residual||\n        s_norm : ||dual residual||\n    Outputs:\n        new_rho : updated rho\n        aux     : any auxiliary scalar (logged but not used)\n        mode    : string label (\"mul\", \"div\", \"keep\", etc.)\n\n    AlphaEvolve may change the internal logic,\n    but MUST respect the signature and return types.\n    \"\"\"\n    # Adjust mu based on iteration: be more aggressive early on\n    if k < 10:\n        effective_mu = 2.0\n    else:\n        effective_mu = mu\n    \n    # Compute the ratio of residuals, handling small values\n    r_ratio = r_norm / max(s_norm, eps)\n    s_ratio = s_norm / max(r_norm, eps)\n    \n    # Determine update factor based on iteration\n    # Early iterations: larger updates, later: smaller updates\n    if k < 5:\n        base_factor = 1.5\n    elif k < 20:\n        base_factor = 1.2\n    else:\n        base_factor = 1.1\n    \n    # Use tau to add diminishing component\n    t = tau(k, c, p)\n    # The adjustment factor should be between base_factor and 1/base_factor\n    # But we want to make sure updates are not too small\n    if r_ratio > effective_mu:\n        # Primal residual is too large relative to dual residual\n        # Increase rho to penalize primal infeasibility more\n        # Use a factor that decreases with iterations\n        factor = base_factor - t\n        # Ensure factor is at least 1.05\n        factor = max(factor, 1.05)\n        new_rho = rho * factor\n        mode = \"mul\"\n    elif s_ratio > effective_mu:\n        # Dual residual is too large relative to primal residual\n        # Decrease rho to penalize dual infeasibility more\n        factor = base_factor - t\n        factor = max(factor, 1.05)\n        new_rho = rho / factor\n        mode = \"div\"\n    else:\n        # Both residuals are balanced\n        new_rho = rho\n        mode = \"keep\"\n    \n    # For numerical stability, bound rho between 1e-6 and 1e6\n    new_rho = max(min(new_rho, 1e6), 1e-6)\n    \n    # Use the ratio as auxiliary information\n    aux = r_ratio if r_ratio > s_ratio else s_ratio\n    return new_rho, aux, mode\n\n```\nUnique approach: Modification:, [Fragment formatting error: 'metric_name'], NumPy-based implementation\n\n### Inspiration 3 (Score: 0.0761, Type: Exploratory)\n```python\n# initial_program.py\n# This file is evolved by AlphaEvolve\n# Only update_rho (and helpers) should be modified\n\nimport numpy as np\n\n\ndef tau(k, c=1.0, p=1.2):\n    \"\"\"\n    Diminishing step size, must be summable.\n    AlphaEvolve is allowed to change this.\n    \"\"\"\n    return c / ((k + 1) ** p)\n\n\ndef update_rho(\n    rho,\n    k,\n    r_norm,\n    s_norm,\n    mu=3.0,\n    c=1.0,\n    p=1.2,\n    eps=1e-12,\n):\n    \"\"\"\n    Adaptive ADMM penalty update rule.\n\n    Inputs:\n        rho    : current penalty parameter\n        k      : iteration index\n        r_norm : ||primal residual||\n        s_norm : ||dual residual||\n    Outputs:\n        new_rho : updated rho\n        aux     : any auxiliary scalar (logged but not used)\n        mode    : string label (\"mul\", \"div\", \"keep\", etc.)\n\n    AlphaEvolve may change the internal logic,\n    but MUST respect the signature and return types.\n    \"\"\"\n\n    t = tau(k, c, p)\n    # Adjust mu based on iteration: start more permissive, become stricter\n    # For early iterations (k < 10), use a larger threshold to allow exploration\n    if k < 10:\n        dynamic_mu = mu * 2.0\n    else:\n        # Gradually tighten to mu by iteration 50\n        dynamic_mu = mu * (1.0 + np.exp(-0.1 * (k - 10)))\n    \n    # Compute the ratio of residuals\n    ratio = r_norm / max(s_norm, eps)\n    \n    # Determine update factor based on iteration and ratio\n    # Early iterations: more aggressive (up to 2.0), later: more conservative (up to 1.3)\n    if k < 10:\n        base_factor = 1.8\n    elif k < 30:\n        base_factor = 1.5\n    else:\n        base_factor = 1.2\n    \n    # Adjust factor based on how far ratio is from 1, but bounded\n    # Use a smooth function: factor = base_factor + 0.1 * min(|log(ratio)|, 3.0)\n    # This makes updates larger when residuals are more imbalanced\n    if ratio > 0:\n        log_ratio = np.log(ratio)\n        adjustment = 0.1 * min(abs(log_ratio), 3.0)\n    else:\n        adjustment = 0.0\n    factor = base_factor + adjustment\n    \n    # Clip factor to reasonable bounds\n    factor = min(max(factor, 1.05), 2.5)\n    \n    # Update decision\n    if ratio > dynamic_mu:\n        new_rho = rho * factor\n        mode = \"mul\"\n    elif 1.0 / ratio > dynamic_mu:\n        new_rho = rho / factor\n        mode = \"div\"\n    else:\n        new_rho = rho\n        mode = \"keep\"\n    \n    # Ensure rho stays within bounds\n    rho_min = 1e-6\n    rho_max = 1e6\n    new_rho = max(rho_min, min(new_rho, rho_max))\n    \n    return new_rho, t, mode\n\n```\nUnique approach: Modification:, [Fragment formatting error: 'metric_name'], NumPy-based implementation\n\n# Current Program\n```python\n# initial_program.py\n# This file is evolved by AlphaEvolve\n# Only update_rho (and helpers) should be modified\n\nimport numpy as np\n\n\ndef tau(k, c=1.0, p=1.2):\n    \"\"\"\n    Diminishing step size, must be summable.\n    AlphaEvolve is allowed to change this.\n    \"\"\"\n    return c / ((k + 1) ** p)\n\n\ndef update_rho(\n    rho,\n    k,\n    r_norm,\n    s_norm,\n    mu=3.0,\n    c=1.0,\n    p=1.2,\n    eps=1e-12,\n):\n    \"\"\"\n    Adaptive ADMM penalty update rule.\n\n    Inputs:\n        rho    : current penalty parameter\n        k      : iteration index\n        r_norm : ||primal residual||\n        s_norm : ||dual residual||\n    Outputs:\n        new_rho : updated rho\n        aux     : any auxiliary scalar (logged but not used)\n        mode    : string label (\"mul\", \"div\", \"keep\", etc.)\n\n    AlphaEvolve may change the internal logic,\n    but MUST respect the signature and return types.\n    \"\"\"\n    t = tau(k, c, p)\n    # Compute the ratio of residuals, avoiding division by zero\n    ratio = (r_norm + eps) / (s_norm + eps)\n    \n    # Target ratio is 1, so we want ratio to be close to 1\n    # If ratio > mu, primal residual is too large -> increase rho\n    # If ratio < 1/mu, dual residual is too large -> decrease rho\n    # Use a smoother update factor based on sqrt(ratio) dampened by t\n    # Cap the maximum adjustment to avoid extreme changes\n    if ratio > mu:\n        # Increase rho by factor proportional to sqrt(ratio)\n        # But dampen with t to avoid large jumps in later iterations\n        adj = np.sqrt(ratio)\n        # Bound adjustment between 1.0 and 2.0\n        adj = min(adj, 2.0)\n        fac = 1.0 + t * (adj - 1.0)\n        return rho * fac, t, \"mul\"\n    elif ratio < 1.0 / mu:\n        # Decrease rho\n        adj = np.sqrt(1.0 / ratio)\n        adj = min(adj, 2.0)\n        fac = 1.0 + t * (adj - 1.0)\n        return rho / fac, t, \"div\"\n    else:\n        return rho, t, \"keep\"\n\n```\n\n# Task\nSuggest improvements to the program that will improve its FITNESS SCORE.\nThe system maintains diversity across these dimensions: complexity, diversity\nDifferent solutions with similar fitness but different features are valuable.\n\nYou MUST use the exact SEARCH/REPLACE diff format shown below to indicate changes:\n\n<<<<<<< SEARCH\n# Original code to find and replace (must match exactly)\n=======\n# New replacement code\n>>>>>>> REPLACE\n\nExample of valid diff format:\n<<<<<<< SEARCH\nfor i in range(m):\n    for j in range(p):\n        for k in range(n):\n            C[i, j] += A[i, k] * B[k, j]\n=======\n# Reorder loops for better memory access pattern\nfor i in range(m):\n    for k in range(n):\n        for j in range(p):\n            C[i, j] += A[i, k] * B[k, j]\n>>>>>>> REPLACE\n\nYou can suggest multiple changes. Each SEARCH section must exactly match code in the current program.\nBe thoughtful about your changes and explain your reasoning thoroughly.\n\nIMPORTANT: Do not rewrite the entire program - focus on targeted improvements.", "responses": ["Looking at the current program, I notice it's using a very simple update strategy that doesn't adjust based on iteration number and doesn't bound rho within a safe range. This might lead to numerical instability or slow convergence. The top-performing programs use more sophisticated strategies with:\n1. Iteration-dependent thresholds and update factors\n2. Bounding rho to prevent extreme values\n3. More aggressive updates early on and conservative updates later\n\nThe current program also doesn't handle the auxiliary value well (always returns t) and doesn't bound rho, which could cause issues.\n\nLet's improve by incorporating elements from the top-performing programs while keeping the code concise (under 500 characters). We'll:\n1. Add iteration-dependent thresholds and factors\n2. Bound rho for numerical stability\n3. Use a better auxiliary value (the ratio)\n4. Keep the smooth adjustment but with better control\n\nHere are the changes:\n\n<<<<<<< SEARCH\ndef update_rho(\n    rho,\n    k,\n    r_norm,\n    s_norm,\n    mu=3.0,\n    c=1.0,\n    p=1.2,\n    eps=1e-12,\n):\n    \"\"\"\n    Adaptive ADMM penalty update rule.\n\n    Inputs:\n        rho    : current penalty parameter\n        k      : iteration index\n        r_norm : ||primal residual||\n        s_norm : ||dual residual||\n    Outputs:\n        new_rho : updated rho\n        aux     : any auxiliary scalar (logged but not used)\n        mode    : string label (\"mul\", \"div\", \"keep\", etc.)\n\n    AlphaEvolve may change the internal logic,\n    but MUST respect the signature and return types.\n    \"\"\"\n    t = tau(k, c, p)\n    # Compute the ratio of residuals, avoiding division by zero\n    ratio = (r_norm + eps) / (s_norm + eps)\n    \n    # Target ratio is 1, so we want ratio to be close to 1\n    # If ratio > mu, primal residual is too large -> increase rho\n    # If ratio < 1/mu, dual residual is too large -> decrease rho\n    # Use a smoother update factor based on sqrt(ratio) dampened by t\n    # Cap the maximum adjustment to avoid extreme changes\n    if ratio > mu:\n        # Increase rho by factor proportional to sqrt(ratio)\n        # But dampen with t to avoid large jumps in later iterations\n        adj = np.sqrt(ratio)\n        # Bound adjustment between 1.0 and 2.0\n        adj = min(adj, 2.0)\n        fac = 1.0 + t * (adj - 1.0)\n        return rho * fac, t, \"mul\"\n    elif ratio < 1.0 / mu:\n        # Decrease rho\n        adj = np.sqrt(1.0 / ratio)\n        adj = min(adj, 2.0)\n        fac = 1.0 + t * (adj - 1.0)\n        return rho / fac, t, \"div\"\n    else:\n        return rho, t, \"keep\"\n=======\ndef update_rho(\n    rho,\n    k,\n    r_norm,\n    s_norm,\n    mu=3.0,\n    c=1.0,\n    p=1.2,\n    eps=1e-12,\n):\n    \"\"\"\n    Adaptive ADMM penalty update rule.\n\n    Inputs:\n        rho    : current penalty parameter\n        k      : iteration index\n        r_norm : ||primal residual||\n        s_norm : ||dual residual||\n    Outputs:\n        new_rho : updated rho\n        aux     : any auxiliary scalar (logged but not used)\n        mode    : string label (\"mul\", \"div\", \"keep\", etc.)\n\n    AlphaEvolve may change the internal logic,\n    but MUST respect the signature and return types.\n    \"\"\"\n    # Adjust threshold based on iteration: more aggressive early\n    if k < 10:\n        effective_mu = 2.0\n    else:\n        effective_mu = mu\n    \n    # Compute ratio\n    ratio = r_norm / max(s_norm, eps)\n    \n    # Determine base factor based on iteration\n    if k < 5:\n        base_factor = 1.5\n    elif k < 20:\n        base_factor = 1.2\n    else:\n        base_factor = 1.1\n    \n    # Use tau to make updates diminish over time\n    t = tau(k, c, p)\n    factor = max(base_factor - t, 1.05)\n    \n    # Update decision\n    if ratio > effective_mu:\n        new_rho = rho * factor\n        mode = \"mul\"\n    elif 1.0 / ratio > effective_mu:\n        new_rho = rho / factor\n        mode = \"div\"\n    else:\n        new_rho = rho\n        mode = \"keep\"\n    \n    # Bound rho for numerical stability\n    new_rho = max(min(new_rho, 1e6), 1e-6)\n    \n    # Use ratio as auxiliary value\n    aux = ratio\n    return new_rho, aux, mode\n>>>>>>> REPLACE\n\nThis change incorporates several improvements:\n1. Iteration-dependent threshold (effective_mu) to be more aggressive in early iterations\n2. Iteration-dependent base factor for update magnitude (larger early, smaller later)\n3. Diminishing updates using tau to ensure stability in later iterations\n4. Bounding rho to prevent numerical issues\n5. Using the ratio as auxiliary value for better logging\n6. The update factor is always at least 1.05 to ensure meaningful updates\n\nThis approach should lead to faster convergence by being more aggressive early while maintaining stability later, similar to the top-performing programs. The code remains concise and within the character limit."]}}, "artifacts_json": null, "artifact_dir": null, "embedding": null}