{"id": "e3e7b7e1-1592-4d78-8c9c-6a76f7a88c15", "code": "# initial_program.py\n# This file is evolved by AlphaEvolve\n# Only update_rho (and helpers) should be modified\n\nimport numpy as np\n\n\ndef tau(k, c=1.0, p=1.2):\n    \"\"\"\n    Diminishing step size, must be summable.\n    AlphaEvolve is allowed to change this.\n    \"\"\"\n    return c / ((k + 1) ** p)\n\n\ndef update_rho(\n    rho,\n    k,\n    r_norm,\n    s_norm,\n    mu=3.0,\n    c=1.0,\n    p=1.2,\n    eps=1e-12,\n):\n    \"\"\"\n    Adaptive ADMM penalty update rule.\n\n    Inputs:\n        rho    : current penalty parameter\n        k      : iteration index\n        r_norm : ||primal residual||\n        s_norm : ||dual residual||\n    Outputs:\n        new_rho : updated rho\n        aux     : any auxiliary scalar (logged but not used)\n        mode    : string label (\"mul\", \"div\", \"keep\", etc.)\n\n    AlphaEvolve may change the internal logic,\n    but MUST respect the signature and return types.\n    \"\"\"\n\n    t = tau(k, c, p)\n    fac = 0.85 + t\n\n    if r_norm > mu * max(s_norm, eps):\n        return rho * fac, t, \"mul\"\n\n    if s_norm > mu * max(r_norm, eps):\n        return rho / fac, t, \"div\"\n\n    return rho, t, \"keep\"\n", "language": "python", "parent_id": null, "generation": 0, "timestamp": 1768219052.648672, "iteration_found": 0, "metrics": {"combined_score": 0.043007227611818806, "metrics": {"converged": true, "iters": 23, "combined_score": 0.043007227611818806}, "artifacts": {"status": "CONVERGED", "iterations": 23, "eval_time": "0.021s"}}, "complexity": 0.0, "diversity": 0.0, "metadata": {"island": 0}, "prompts": null, "artifacts_json": null, "artifact_dir": null, "embedding": null}