{"id": "f235c50a-0e2d-4a27-9640-7931bbbfbbf2", "code": "# initial_program.py\n# This file is evolved by AlphaEvolve\n# Only update_rho (and helpers) should be modified\n\nimport numpy as np\n\n\ndef tau(k, c=1.0, p=1.2):\n    \"\"\"\n    Diminishing step size, must be summable.\n    AlphaEvolve is allowed to change this.\n    \"\"\"\n    return c / ((k + 1) ** p)\n\n\ndef update_rho(\n    rho,\n    k,\n    r_norm,\n    s_norm,\n    mu=3.0,\n    c=1.0,\n    p=1.2,\n    eps=1e-12,\n):\n    \"\"\"\n    Adaptive ADMM penalty update rule.\n\n    Inputs:\n        rho    : current penalty parameter\n        k      : iteration index\n        r_norm : ||primal residual||\n        s_norm : ||dual residual||\n    Outputs:\n        new_rho : updated rho\n        aux     : any auxiliary scalar (logged but not used)\n        mode    : string label (\"mul\", \"div\", \"keep\", etc.)\n\n    AlphaEvolve may change the internal logic,\n    but MUST respect the signature and return types.\n    \"\"\"\n    # Adjust mu based on iteration to be more aggressive early on\n    if k < 10:\n        effective_mu = 2.0\n    else:\n        effective_mu = mu\n    \n    # Compute the ratio of residuals, handling small values\n    r_ratio = r_norm / max(s_norm, eps)\n    s_ratio = s_norm / max(r_norm, eps)\n    \n    # Determine update factor based on iteration\n    if k < 5:\n        base_factor = 1.5\n    elif k < 20:\n        base_factor = 1.2\n    else:\n        base_factor = 1.1\n    \n    # Use tau to add diminishing component\n    t = tau(k, c, p)\n    # The adjustment factor should be between base_factor and 1/base_factor\n    # But we want to make sure updates are not too small\n    if r_ratio > effective_mu:\n        # Primal residual is too large relative to dual residual\n        # Increase rho to penalize primal infeasibility more\n        # Use a factor that decreases with iterations\n        factor = base_factor - t\n        # Ensure factor is at least 1.05\n        factor = max(factor, 1.05)\n        new_rho = rho * factor\n        mode = \"mul\"\n    elif s_ratio > effective_mu:\n        # Dual residual is too large relative to primal residual\n        # Decrease rho to penalize dual infeasibility more\n        factor = base_factor - t\n        factor = max(factor, 1.05)\n        new_rho = rho / factor\n        mode = \"div\"\n    else:\n        # Both residuals are balanced\n        new_rho = rho\n        mode = \"keep\"\n    \n    # For numerical stability, bound rho between 1e-6 and 1e6\n    new_rho = max(min(new_rho, 1e6), 1e-6)\n    \n    # Use the ratio as auxiliary information\n    aux = r_ratio if r_ratio > s_ratio else s_ratio\n    return new_rho, aux, mode\n", "language": "python", "parent_id": "be79e662-6942-48fe-a8d4-5b7783fdb933", "generation": 2, "timestamp": 1768219283.4352589, "iteration_found": 18, "metrics": {"combined_score": 0.08261401069195577, "metrics": {"converged": true, "iters": 12, "combined_score": 0.08261401069195577}, "artifacts": {"status": "CONVERGED", "iterations": 12, "eval_time": "0.024s"}}, "complexity": 0.0, "diversity": 0.0, "metadata": {"changes": "Change 1: Replace 62 lines with 75 lines", "parent_metrics": {"combined_score": 0.07116176210042219, "metrics": {"converged": true, "iters": 14, "combined_score": 0.07116176210042219}, "artifacts": {"status": "CONVERGED", "iterations": 14, "eval_time": "0.019s"}}, "island": 0}, "prompts": {"diff_user": {"system": "You are an expert in numerical optimization and ADMM algorithms.\n\nYour task is to improve the function update_rho(rho, k, r_norm, s_norm, ...)\nused to adaptively update the ADMM penalty parameter.\n\nGoals:\n- Achieve faster convergence (fewer ADMM iterations)\n- Maintain numerical stability (avoid oscillating rho)\n- Balance primal and dual residuals efficiently\n\nConstraints:\n- You may ONLY modify the body of update_rho and helper functions in initial_program.py\n- The function signature and return types must remain unchanged\n- The code must be deterministic and numerically safe\n\nHints:\n- Consider using ratios or log-ratios of r_norm and s_norm\n- Early iterations may benefit from aggressive updates\n- Later iterations should favor stability\n- Piecewise or stateful strategies are allowed\n", "user": "# Current Program Information\n- Fitness: 0.0712\n- Feature coordinates: \n- Focus areas: - Fitness declined: 0.0767 \u2192 0.0712. Consider revising recent changes.\n- No feature coordinates\n- Consider simplifying - code length exceeds 500 characters\n\n\n\n# Program Evolution History\n## Previous Attempts\n\n### Attempt 3\n- Changes: Change 1: Replace 37 lines with 68 lines\n- Metrics: combined_score: 0.0767, metrics: {'converged': True, 'iters': 13, 'combined_score': 0.07669310862140852}, artifacts: {'status': 'CONVERGED', 'iterations': 13, 'eval_time': '0.010s'}\n- Outcome: Improvement in all metrics\n\n### Attempt 2\n- Changes: Change 1: Replace 10 lines with 19 lines\nChange 2: Replace 19 lines with 25 lines\n- Metrics: combined_score: 0.0767, metrics: {'converged': True, 'iters': 13, 'combined_score': 0.0766992980527246}, artifacts: {'status': 'CONVERGED', 'iterations': 13, 'eval_time': '0.007s'}\n- Outcome: Improvement in all metrics\n\n### Attempt 1\n- Changes: Change 1: Replace 37 lines with 77 lines\n- Metrics: combined_score: 0.0826, metrics: {'converged': True, 'iters': 12, 'combined_score': 0.08261401069195577}, artifacts: {'status': 'CONVERGED', 'iterations': 12, 'eval_time': '0.008s'}\n- Outcome: Improvement in all metrics\n\n## Top Performing Programs\n\n### Program 1 (Score: 0.0826)\n```python\n# initial_program.py\n# This file is evolved by AlphaEvolve\n# Only update_rho (and helpers) should be modified\n\nimport numpy as np\n\n\ndef tau(k, c=1.0, p=1.2):\n    \"\"\"\n    Diminishing step size, must be summable.\n    AlphaEvolve is allowed to change this.\n    \"\"\"\n    return c / ((k + 1) ** p)\n\n\ndef update_rho(\n    rho,\n    k,\n    r_norm,\n    s_norm,\n    mu=3.0,\n    c=1.0,\n    p=1.2,\n    eps=1e-12,\n):\n    \"\"\"\n    Adaptive ADMM penalty update rule.\n\n    Inputs:\n        rho    : current penalty parameter\n        k      : iteration index\n        r_norm : ||primal residual||\n        s_norm : ||dual residual||\n    Outputs:\n        new_rho : updated rho\n        aux     : any auxiliary scalar (logged but not used)\n        mode    : string label (\"mul\", \"div\", \"keep\", etc.)\n\n    AlphaEvolve may change the internal logic,\n    but MUST respect the signature and return types.\n    \"\"\"\n    # Adjust mu based on iteration to be more aggressive early on\n    # For early iterations, use a smaller threshold to update more frequently\n    if k < 10:\n        effective_mu = 2.0\n    else:\n        effective_mu = mu\n    \n    # Compute the ratio of residuals, handling small values\n    r_ratio = r_norm / max(s_norm, eps)\n    s_ratio = s_norm / max(r_norm, eps)\n    \n    # Determine update factor based on iteration\n    # Early iterations: larger updates, later: smaller updates\n    if k < 5:\n        base_factor = 1.5\n    elif k < 20:\n        base_factor = 1.2\n    else:\n        base_factor = 1.1\n    \n    # Use tau to add diminishing component\n    t = tau(k, c, p)\n    # The adjustment factor should be between base_factor and 1/base_factor\n    # But we want to make sure updates are not too small\n    if r_ratio > effective_mu:\n        # Primal residual is too large relative to dual residual\n        # Increase rho to penalize primal infeasibility more\n        # Use a factor that decreases with iterations\n        factor = base_factor - t\n        # Ensure factor is at least 1.05\n        factor = max(factor, 1.05)\n        new_rho = rho * factor\n        mode = \"mul\"\n    elif s_ratio > effective_mu:\n        # Dual residual is too large relative to primal residual\n        # Decrease rho to penalize dual infeasibility more\n        factor = base_factor - t\n        factor = max(factor, 1.05)\n        new_rho = rho / factor\n        mode = \"div\"\n    else:\n        # Both residuals are balanced\n        new_rho = rho\n        mode = \"keep\"\n    \n    # For numerical stability, bound rho between 1e-6 and 1e6\n    new_rho = max(min(new_rho, 1e6), 1e-6)\n    \n    # Use the ratio as auxiliary information\n    aux = r_ratio if r_ratio > s_ratio else s_ratio\n    return new_rho, aux, mode\n\n```\nKey features: Performs well on combined_score (0.0826), Performs well on metrics ({'converged': True, 'iters': 12, 'combined_score': 0.08261401069195577}), Performs well on artifacts ({'status': 'CONVERGED', 'iterations': 12, 'eval_time': '0.008s'})\n\n### Program 2 (Score: 0.0767)\n```python\n# initial_program.py\n# This file is evolved by AlphaEvolve\n# Only update_rho (and helpers) should be modified\n\nimport numpy as np\n\n\ndef tau(k, c=1.0, p=1.2):\n    \"\"\"\n    Diminishing step size, must be summable.\n    AlphaEvolve is allowed to change this.\n    \"\"\"\n    return c / ((k + 1) ** p)\n\n\ndef update_rho(\n    rho,\n    k,\n    r_norm,\n    s_norm,\n    mu=3.0,\n    c=1.0,\n    p=1.2,\n    eps=1e-12,\n):\n    \"\"\"\n    Adaptive ADMM penalty update rule.\n\n    Inputs:\n        rho    : current penalty parameter\n        k      : iteration index\n        r_norm : ||primal residual||\n        s_norm : ||dual residual||\n    Outputs:\n        new_rho : updated rho\n        aux     : any auxiliary scalar (logged but not used)\n        mode    : string label (\"mul\", \"div\", \"keep\", etc.)\n\n    AlphaEvolve may change the internal logic,\n    but MUST respect the signature and return types.\n    \"\"\"\n\n    t = tau(k, c, p)\n    # Compute the ratio of residuals, avoiding division by zero\n    ratio = (r_norm + eps) / (s_norm + eps)\n    \n    # Target ratio is 1, so we want ratio to be close to 1\n    # If ratio > mu, primal residual is too large -> increase rho\n    # If ratio < 1/mu, dual residual is too large -> decrease rho\n    # Use a smoother update factor based on sqrt(ratio) dampened by t\n    # Cap the maximum adjustment to avoid extreme changes\n    if ratio > mu:\n        # Increase rho by factor proportional to sqrt(ratio)\n        # But dampen with t to avoid large jumps in later iterations\n        adj = np.sqrt(ratio)\n        # Bound adjustment between 1.0 and 2.0\n        adj = min(adj, 2.0)\n        fac = 1.0 + t * (adj - 1.0)\n        return rho * fac, t, \"mul\"\n    elif ratio < 1.0 / mu:\n        # Decrease rho\n        adj = np.sqrt(1.0 / ratio)\n        adj = min(adj, 2.0)\n        fac = 1.0 + t * (adj - 1.0)\n        return rho / fac, t, \"div\"\n    else:\n        return rho, t, \"keep\"\n\n```\nKey features: Performs well on combined_score (0.0767), Performs well on metrics ({'converged': True, 'iters': 13, 'combined_score': 0.0766992980527246}), Performs well on artifacts ({'status': 'CONVERGED', 'iterations': 13, 'eval_time': '0.007s'})\n\n### Program 3 (Score: 0.0767)\n```python\n# initial_program.py\n# This file is evolved by AlphaEvolve\n# Only update_rho (and helpers) should be modified\n\nimport numpy as np\n\n\ndef tau(k, c=1.0, p=1.2):\n    \"\"\"\n    Diminishing step size, must be summable.\n    AlphaEvolve is allowed to change this.\n    \"\"\"\n    return c / ((k + 1) ** p)\n\n\ndef update_rho(\n    rho,\n    k,\n    r_norm,\n    s_norm,\n    mu=3.0,\n    c=1.0,\n    p=1.2,\n    eps=1e-12,\n):\n    \"\"\"\n    Adaptive ADMM penalty update rule.\n\n    Inputs:\n        rho    : current penalty parameter\n        k      : iteration index\n        r_norm : ||primal residual||\n        s_norm : ||dual residual||\n    Outputs:\n        new_rho : updated rho\n        aux     : any auxiliary scalar (logged but not used)\n        mode    : string label (\"mul\", \"div\", \"keep\", etc.)\n\n    AlphaEvolve may change the internal logic,\n    but MUST respect the signature and return types.\n    \"\"\"\n    # Compute the ratio of primal to dual residual\n    ratio = r_norm / (s_norm + eps)\n    \n    # Target ratio is 1 (balanced residuals)\n    # Use log ratio to determine update direction and magnitude\n    log_ratio = np.log(ratio + 1e-16)  # Add small number to avoid log(0)\n    \n    # Determine update magnitude: more aggressive early, conservative later\n    # Use tau to control step size\n    t = tau(k, c, p)\n    \n    # Scale factor based on log ratio and iteration\n    # Clamp the exponent to prevent extreme updates\n    exponent = t * np.tanh(log_ratio)\n    \n    # Bound the update factor between 0.5 and 2.0\n    update_factor = np.exp(exponent)\n    update_factor = np.clip(update_factor, 0.5, 2.0)\n    \n    # Decide whether to update based on how far ratio is from 1\n    # If ratio is within [1/mu, mu], keep rho unchanged\n    if ratio > mu:\n        new_rho = rho * update_factor\n        mode = \"mul\"\n    elif ratio < 1.0/mu:\n        new_rho = rho / update_factor\n        mode = \"div\"\n    else:\n        new_rho = rho\n        mode = \"keep\"\n    \n    # Additional safeguard: prevent rho from becoming too large or too small\n    if new_rho > 1e6:\n        new_rho = 1e6\n        mode = \"clip\"\n    elif new_rho < 1e-6:\n        new_rho = 1e-6\n        mode = \"clip\"\n    \n    # Use log_ratio as auxiliary value\n    aux = log_ratio\n    return new_rho, aux, mode\n\n```\nKey features: Performs well on combined_score (0.0767), Performs well on metrics ({'converged': True, 'iters': 13, 'combined_score': 0.07669310862140852}), Performs well on artifacts ({'status': 'CONVERGED', 'iterations': 13, 'eval_time': '0.010s'})\n\n\n\n## Diverse Programs\n\n### Program D1 (Score: 0.0766)\n```python\n# initial_program.py\n# This file is evolved by AlphaEvolve\n# Only update_rho (and helpers) should be modified\n\nimport numpy as np\n\n\ndef tau(k, c=1.0, p=1.2):\n    \"\"\"\n    Diminishing step size, must be summable.\n    AlphaEvolve is allowed to change this.\n    \"\"\"\n    return c / ((k + 1) ** p)\n\n\ndef compute_adjustment_factor(ratio, k, base=0.85):\n    \"\"\"\n    Compute adjustment factor based on residual ratio and iteration.\n    \"\"\"\n    # Diminishing influence over iterations\n    t = tau(k)\n    # Target ratio is 1, so if ratio > 1, rho should increase\n    # Use sqrt to make adjustments more moderate\n    # Clip the adjustment to prevent extreme changes\n    adj = np.sqrt(ratio)\n    # Bound the adjustment between 0.5 and 2.0\n    adj = np.clip(adj, 0.5, 2.0)\n    # Blend with base factor, with diminishing influence over iterations\n    factor = base + (adj - base) * np.exp(-k / 10.0)\n    return factor\n\n\ndef update_rho(\n    rho,\n    k,\n    r_norm,\n    s_norm,\n    mu=3.0,\n    c=1.0,\n    p=1.2,\n    eps=1e-12,\n):\n    \"\"\"\n    Adaptive ADMM penalty update rule.\n\n    Inputs:\n        rho    : current penalty parameter\n        k      : iteration index\n        r_norm : ||primal residual||\n        s_norm : ||dual residual||\n    Outputs:\n        new_rho : updated rho\n        aux     : any auxiliary scalar (logged but not used)\n        mode    : string label (\"mul\", \"div\", \"keep\", etc.)\n\n    AlphaEvolve may change the internal logic,\n    but MUST respect the signature and return types.\n    \"\"\"\n    # Compute the ratio of residuals\n    ratio = r_norm / max(s_norm, eps)\n    \n    # If both residuals are very small, keep rho\n    if r_norm < eps and s_norm < eps:\n        return rho, 0.0, \"keep\"\n    \n    # Determine if we need to adjust rho\n    # Use a dynamic threshold that tightens over iterations\n    # Early iterations: be more aggressive (larger mu)\n    # Later iterations: be more conservative (smaller mu)\n    dynamic_mu = mu * (1.0 + 2.0 * np.exp(-k / 5.0))\n    \n    if ratio > dynamic_mu:\n        # Primal residual is too large relative to dual residual\n        # Increase rho to prioritize primal feasibility\n        factor = compute_adjustment_factor(ratio, k)\n        new_rho = rho * factor\n        return new_rho, factor, \"mul\"\n    elif 1.0 / ratio > dynamic_mu:\n        # Dual residual is too large relative to primal residual\n        # Decrease rho to prioritize dual feasibility\n        factor = compute_adjustment_factor(1.0 / ratio, k)\n        new_rho = rho / factor\n        return new_rho, factor, \"div\"\n    else:\n        # Residuals are balanced\n        return rho, 1.0, \"keep\"\n\n```\nKey features: Alternative approach to combined_score, Alternative approach to metrics\n\n### Program D2 (Score: 0.0764)\n```python\n# initial_program.py\n# This file is evolved by AlphaEvolve\n# Only update_rho (and helpers) should be modified\n\nimport numpy as np\n\n\ndef tau(k, c=1.0, p=1.2):\n    \"\"\"\n    Diminishing step size, must be summable.\n    AlphaEvolve is allowed to change this.\n    \"\"\"\n    return c / ((k + 1) ** p)\n\n\ndef update_rho(\n    rho,\n    k,\n    r_norm,\n    s_norm,\n    mu=3.0,\n    c=1.0,\n    p=1.2,\n    eps=1e-12,\n):\n    \"\"\"\n    Adaptive ADMM penalty update rule.\n\n    Inputs:\n        rho    : current penalty parameter\n        k      : iteration index\n        r_norm : ||primal residual||\n        s_norm : ||dual residual||\n    Outputs:\n        new_rho : updated rho\n        aux     : any auxiliary scalar (logged but not used)\n        mode    : string label (\"mul\", \"div\", \"keep\", etc.)\n\n    AlphaEvolve may change the internal logic,\n    but MUST respect the signature and return types.\n    \"\"\"\n\n    t = tau(k, c, p)\n    # Early iterations: more aggressive, later: more conservative\n    # Use a dynamic threshold that tightens over time\n    # mu is scaled by (1 + t) to be more permissive early, stricter later\n    # Make threshold more balanced: early iterations have higher threshold to allow exploration\n    # Later iterations have threshold closer to mu for precise balance\n    dynamic_mu = mu * (1.0 + 3.0 * t)  # More aggressive early permissiveness\n    \n    # Compute the ratio of residuals\n    ratio = r_norm / max(s_norm, eps)\n    \n    # Determine update factor based on iteration\n    # Early iterations: more aggressive updates (larger factor)\n    # Later iterations: smaller updates for stability\n    # Use t to control aggressiveness: t is large early, small later\n    # We want update factor to be between 1.2 and 2.0 early, and 1.05 and 1.2 later\n    base_factor = 1.2 + 0.8 * t  # Early: up to 2.0, later: approaches 1.2\n    \n    if ratio > dynamic_mu:\n        # Increase rho to reduce primal residual\n        # Use a factor that's proportional to the square root of the ratio, but bounded\n        # Make it more aggressive early on\n        raw_factor = np.sqrt(ratio)\n        # Scale by base_factor, but ensure it's not too extreme\n        fac = min(raw_factor, base_factor)\n        # Ensure minimum update\n        fac = max(fac, 1.05)\n        new_rho = rho * fac\n        mode = \"mul\"\n    elif 1.0 / ratio > dynamic_mu:\n        # Decrease rho to reduce dual residual\n        raw_factor = np.sqrt(1.0 / ratio)\n        fac = min(raw_factor, base_factor)\n        fac = max(fac, 1.05)\n        new_rho = rho / fac\n        mode = \"div\"\n    else:\n        new_rho = rho\n        mode = \"keep\"\n    \n    # Ensure rho doesn't become too large or too small\n    # Clip to a reasonable range\n    rho_min = 1e-6\n    rho_max = 1e6\n    new_rho = max(rho_min, min(new_rho, rho_max))\n    \n    return new_rho, t, mode\n\n```\nKey features: Alternative approach to combined_score, Alternative approach to metrics\n\n## Inspiration Programs\n\nThese programs represent diverse approaches and creative solutions that may inspire new ideas:\n\n### Inspiration 1 (Score: 0.0826, Type: Exploratory)\n```python\n# initial_program.py\n# This file is evolved by AlphaEvolve\n# Only update_rho (and helpers) should be modified\n\nimport numpy as np\n\n\ndef tau(k, c=1.0, p=1.2):\n    \"\"\"\n    Diminishing step size, must be summable.\n    AlphaEvolve is allowed to change this.\n    \"\"\"\n    return c / ((k + 1) ** p)\n\n\ndef update_rho(\n    rho,\n    k,\n    r_norm,\n    s_norm,\n    mu=3.0,\n    c=1.0,\n    p=1.2,\n    eps=1e-12,\n):\n    \"\"\"\n    Adaptive ADMM penalty update rule.\n\n    Inputs:\n        rho    : current penalty parameter\n        k      : iteration index\n        r_norm : ||primal residual||\n        s_norm : ||dual residual||\n    Outputs:\n        new_rho : updated rho\n        aux     : any auxiliary scalar (logged but not used)\n        mode    : string label (\"mul\", \"div\", \"keep\", etc.)\n\n    AlphaEvolve may change the internal logic,\n    but MUST respect the signature and return types.\n    \"\"\"\n    # Adjust mu based on iteration to be more aggressive early on\n    # For early iterations, use a smaller threshold to update more frequently\n    if k < 10:\n        effective_mu = 2.0\n    else:\n        effective_mu = mu\n    \n    # Compute the ratio of residuals, handling small values\n    r_ratio = r_norm / max(s_norm, eps)\n    s_ratio = s_norm / max(r_norm, eps)\n    \n    # Determine update factor based on iteration\n    # Early iterations: larger updates, later: smaller updates\n    if k < 5:\n        base_factor = 1.5\n    elif k < 20:\n        base_factor = 1.2\n    else:\n        base_factor = 1.1\n    \n    # Use tau to add diminishing component\n    t = tau(k, c, p)\n    # The adjustment factor should be between base_factor and 1/base_factor\n    # But we want to make sure updates are not too small\n    if r_ratio > effective_mu:\n        # Primal residual is too large relative to dual residual\n        # Increase rho to penalize primal infeasibility more\n        # Use a factor that decreases with iterations\n        factor = base_factor - t\n        # Ensure factor is at least 1.05\n        factor = max(factor, 1.05)\n        new_rho = rho * factor\n        mode = \"mul\"\n    elif s_ratio > effective_mu:\n        # Dual residual is too large relative to primal residual\n        # Decrease rho to penalize dual infeasibility more\n        factor = base_factor - t\n        factor = max(factor, 1.05)\n        new_rho = rho / factor\n        mode = \"div\"\n    else:\n        # Both residuals are balanced\n        new_rho = rho\n        mode = \"keep\"\n    \n    # For numerical stability, bound rho between 1e-6 and 1e6\n    new_rho = max(min(new_rho, 1e6), 1e-6)\n    \n    # Use the ratio as auxiliary information\n    aux = r_ratio if r_ratio > s_ratio else s_ratio\n    return new_rho, aux, mode\n\n```\nUnique approach: Modification:, [Fragment formatting error: 'metric_name'], NumPy-based implementation\n\n### Inspiration 2 (Score: 0.0712, Type: Exploratory)\n```python\n# initial_program.py\n# This file is evolved by AlphaEvolve\n# Only update_rho (and helpers) should be modified\n\nimport numpy as np\n\n\ndef tau(k, c=1.0, p=1.2):\n    \"\"\"\n    Diminishing step size, must be summable.\n    AlphaEvolve is allowed to change this.\n    \"\"\"\n    return c / ((k + 1) ** p)\n\n\ndef update_rho(\n    rho,\n    k,\n    r_norm,\n    s_norm,\n    mu=3.0,\n    c=1.0,\n    p=1.2,\n    eps=1e-12,\n):\n    \"\"\"\n    Adaptive ADMM penalty update rule.\n\n    Inputs:\n        rho    : current penalty parameter\n        k      : iteration index\n        r_norm : ||primal residual||\n        s_norm : ||dual residual||\n    Outputs:\n        new_rho : updated rho\n        aux     : any auxiliary scalar (logged but not used)\n        mode    : string label (\"mul\", \"div\", \"keep\", etc.)\n\n    AlphaEvolve may change the internal logic,\n    but MUST respect the signature and return types.\n    \"\"\"\n\n    t = tau(k, c, p)\n    # Adjust mu to be tighter as iterations increase\n    # Start with a larger threshold early, then reduce to enforce balance\n    mu_adj = mu * (1.0 + 2.0 * np.exp(-0.1 * k))\n    \n    # Dynamic factor: more aggressive early, conservative later\n    # Base factor between 1.1 and 1.5 when k=0, decreasing to around 1.05\n    base_factor = 1.5 - 0.4 * np.tanh(0.1 * k)\n    fac = base_factor + t\n    \n    # Check if residuals are imbalanced\n    if r_norm > mu_adj * max(s_norm, eps):\n        return rho * fac, t, \"mul\"\n    \n    if s_norm > mu_adj * max(r_norm, eps):\n        return rho / fac, t, \"div\"\n    \n    return rho, t, \"keep\"\n\n```\nUnique approach: Modification:, [Fragment formatting error: 'metric_name'], NumPy-based implementation\n\n### Inspiration 3 (Score: 0.0738, Type: Exploratory)\n```python\n# initial_program.py\n# This file is evolved by AlphaEvolve\n# Only update_rho (and helpers) should be modified\n\nimport numpy as np\n\n\ndef tau(k, c=1.0, p=1.2):\n    \"\"\"\n    Diminishing step size, must be summable.\n    AlphaEvolve is allowed to change this.\n    \"\"\"\n    return c / ((k + 1) ** p)\n\n\ndef update_rho(\n    rho,\n    k,\n    r_norm,\n    s_norm,\n    mu=3.0,\n    c=1.0,\n    p=1.2,\n    eps=1e-12,\n):\n    \"\"\"\n    Adaptive ADMM penalty update rule.\n\n    Inputs:\n        rho    : current penalty parameter\n        k      : iteration index\n        r_norm : ||primal residual||\n        s_norm : ||dual residual||\n    Outputs:\n        new_rho : updated rho\n        aux     : any auxiliary scalar (logged but not used)\n        mode    : string label (\"mul\", \"div\", \"keep\", etc.)\n\n    AlphaEvolve may change the internal logic,\n    but MUST respect the signature and return types.\n    \"\"\"\n    # Adjust mu based on iteration to be more aggressive early, conservative later\n    # Early iterations: lower threshold to trigger updates more often\n    # Later iterations: higher threshold to avoid oscillations\n    if k < 10:\n        mu_adj = 2.0  # More sensitive to imbalances\n    elif k < 30:\n        mu_adj = 3.0\n    else:\n        mu_adj = 4.0  # More conservative\n    \n    # Compute adjustment factor that is larger when residuals are very imbalanced\n    t = tau(k, c, p)\n    # Base factor between 1.1 and 1.5, diminishing with iterations\n    base_factor = 1.5 - 0.4 * min(k / 50.0, 1.0)\n    # Adjust based on the ratio of residuals\n    ratio = r_norm / max(s_norm, eps)\n    if ratio > 1:\n        # If primal is larger than dual, we may want to increase rho more aggressively\n        # But don't let factor exceed 2.0\n        factor = min(base_factor + 0.1 * min(ratio - 1, 5.0), 2.0)\n    else:\n        factor = base_factor\n    \n    # Check conditions with adjusted mu\n    if r_norm > mu_adj * max(s_norm, eps):\n        return rho * factor, t, \"mul\"\n    elif s_norm > mu_adj * max(r_norm, eps):\n        return rho / factor, t, \"div\"\n    else:\n        return rho, t, \"keep\"\n\n```\nUnique approach: Modification:, [Fragment formatting error: 'metric_name'], NumPy-based implementation\n\n# Current Program\n```python\n# initial_program.py\n# This file is evolved by AlphaEvolve\n# Only update_rho (and helpers) should be modified\n\nimport numpy as np\n\n\ndef tau(k, c=1.0, p=1.2):\n    \"\"\"\n    Diminishing step size, must be summable.\n    AlphaEvolve is allowed to change this.\n    \"\"\"\n    return c / ((k + 1) ** p)\n\n\ndef update_rho(\n    rho,\n    k,\n    r_norm,\n    s_norm,\n    mu=3.0,\n    c=1.0,\n    p=1.2,\n    eps=1e-12,\n):\n    \"\"\"\n    Adaptive ADMM penalty update rule.\n\n    Inputs:\n        rho    : current penalty parameter\n        k      : iteration index\n        r_norm : ||primal residual||\n        s_norm : ||dual residual||\n    Outputs:\n        new_rho : updated rho\n        aux     : any auxiliary scalar (logged but not used)\n        mode    : string label (\"mul\", \"div\", \"keep\", etc.)\n\n    AlphaEvolve may change the internal logic,\n    but MUST respect the signature and return types.\n    \"\"\"\n\n    t = tau(k, c, p)\n    # Dynamic threshold: start larger, decrease to mu\n    # Using exponential decay for smooth transition\n    mu_adj = mu * (1.0 + 2.0 * np.exp(-0.1 * k))\n    \n    # Compute ratio safely\n    ratio = r_norm / max(s_norm, eps)\n    \n    # Determine update factor based on ratio, but bounded\n    # More aggressive early, conservative later\n    if ratio > mu_adj:\n        # Increase rho\n        fac = np.sqrt(ratio)\n        fac = min(fac, 1.5)  # Bound the factor\n        # Scale aggressiveness with iteration\n        fac = 1.0 + (fac - 1.0) * (1.0 - 0.5 * t)\n        new_rho = rho * fac\n        mode = \"mul\"\n    elif 1.0 / ratio > mu_adj:\n        # Decrease rho\n        fac = np.sqrt(1.0 / ratio)\n        fac = min(fac, 1.5)\n        fac = 1.0 + (fac - 1.0) * (1.0 - 0.5 * t)\n        new_rho = rho / fac\n        mode = \"div\"\n    else:\n        new_rho = rho\n        mode = \"keep\"\n    \n    # Clip rho to prevent extreme values\n    rho_min = 1e-6\n    rho_max = 1e6\n    new_rho = max(rho_min, min(new_rho, rho_max))\n    \n    return new_rho, t, mode\n\n```\n\n# Task\nSuggest improvements to the program that will improve its FITNESS SCORE.\nThe system maintains diversity across these dimensions: complexity, diversity\nDifferent solutions with similar fitness but different features are valuable.\n\nYou MUST use the exact SEARCH/REPLACE diff format shown below to indicate changes:\n\n<<<<<<< SEARCH\n# Original code to find and replace (must match exactly)\n=======\n# New replacement code\n>>>>>>> REPLACE\n\nExample of valid diff format:\n<<<<<<< SEARCH\nfor i in range(m):\n    for j in range(p):\n        for k in range(n):\n            C[i, j] += A[i, k] * B[k, j]\n=======\n# Reorder loops for better memory access pattern\nfor i in range(m):\n    for k in range(n):\n        for j in range(p):\n            C[i, j] += A[i, k] * B[k, j]\n>>>>>>> REPLACE\n\nYou can suggest multiple changes. Each SEARCH section must exactly match code in the current program.\nBe thoughtful about your changes and explain your reasoning thoroughly.\n\nIMPORTANT: Do not rewrite the entire program - focus on targeted improvements.", "responses": ["Looking at the evolution history, the best performing program (Score: 0.0826) uses a piecewise strategy with different base factors and effective mu values based on iteration ranges. The current program (Score: 0.0712) uses a dynamic threshold and factor that may be too complex and not aggressive enough early on.\n\nKey observations:\n1. The top program uses aggressive updates early (base_factor=1.5 for k<5) and becomes more conservative later.\n2. It also adjusts mu to be smaller (2.0) for early iterations to trigger updates more frequently.\n3. The current program uses a continuous exponential decay for mu_adj which might not be as effective.\n4. The current program's update factor is bounded by 1.5 and scaled by (1 - 0.5*t) which might be too conservative.\n\nLet's simplify and adopt a strategy similar to the top performer but with some refinements:\n- Use piecewise thresholds and factors for different iteration ranges.\n- Make early iterations more aggressive to speed up convergence.\n- Ensure numerical stability with bounds.\n\nHere's the plan:\n1. For k < 10: use effective_mu = 2.0, base_factor = 1.5\n2. For 10 <= k < 20: use effective_mu = 3.0, base_factor = 1.2\n3. For k >= 20: use effective_mu = 3.0, base_factor = 1.1\n4. Use tau to add a diminishing component to the factor, but ensure minimum factor of 1.05\n5. Use both r_ratio and s_ratio to decide updates (like the top program)\n\nLet's implement:\n\n<<<<<<< SEARCH\ndef update_rho(\n    rho,\n    k,\n    r_norm,\n    s_norm,\n    mu=3.0,\n    c=1.0,\n    p=1.2,\n    eps=1e-12,\n):\n    \"\"\"\n    Adaptive ADMM penalty update rule.\n\n    Inputs:\n        rho    : current penalty parameter\n        k      : iteration index\n        r_norm : ||primal residual||\n        s_norm : ||dual residual||\n    Outputs:\n        new_rho : updated rho\n        aux     : any auxiliary scalar (logged but not used)\n        mode    : string label (\"mul\", \"div\", \"keep\", etc.)\n\n    AlphaEvolve may change the internal logic,\n    but MUST respect the signature and return types.\n    \"\"\"\n\n    t = tau(k, c, p)\n    # Dynamic threshold: start larger, decrease to mu\n    # Using exponential decay for smooth transition\n    mu_adj = mu * (1.0 + 2.0 * np.exp(-0.1 * k))\n    \n    # Compute ratio safely\n    ratio = r_norm / max(s_norm, eps)\n    \n    # Determine update factor based on ratio, but bounded\n    # More aggressive early, conservative later\n    if ratio > mu_adj:\n        # Increase rho\n        fac = np.sqrt(ratio)\n        fac = min(fac, 1.5)  # Bound the factor\n        # Scale aggressiveness with iteration\n        fac = 1.0 + (fac - 1.0) * (1.0 - 0.5 * t)\n        new_rho = rho * fac\n        mode = \"mul\"\n    elif 1.0 / ratio > mu_adj:\n        # Decrease rho\n        fac = np.sqrt(1.0 / ratio)\n        fac = min(fac, 1.5)\n        fac = 1.0 + (fac - 1.0) * (1.0 - 0.5 * t)\n        new_rho = rho / fac\n        mode = \"div\"\n    else:\n        new_rho = rho\n        mode = \"keep\"\n    \n    # Clip rho to prevent extreme values\n    rho_min = 1e-6\n    rho_max = 1e6\n    new_rho = max(rho_min, min(new_rho, rho_max))\n    \n    return new_rho, t, mode\n=======\ndef update_rho(\n    rho,\n    k,\n    r_norm,\n    s_norm,\n    mu=3.0,\n    c=1.0,\n    p=1.2,\n    eps=1e-12,\n):\n    \"\"\"\n    Adaptive ADMM penalty update rule.\n\n    Inputs:\n        rho    : current penalty parameter\n        k      : iteration index\n        r_norm : ||primal residual||\n        s_norm : ||dual residual||\n    Outputs:\n        new_rho : updated rho\n        aux     : any auxiliary scalar (logged but not used)\n        mode    : string label (\"mul\", \"div\", \"keep\", etc.)\n\n    AlphaEvolve may change the internal logic,\n    but MUST respect the signature and return types.\n    \"\"\"\n    # Adjust mu based on iteration to be more aggressive early on\n    if k < 10:\n        effective_mu = 2.0\n    else:\n        effective_mu = mu\n    \n    # Compute the ratio of residuals, handling small values\n    r_ratio = r_norm / max(s_norm, eps)\n    s_ratio = s_norm / max(r_norm, eps)\n    \n    # Determine update factor based on iteration\n    if k < 5:\n        base_factor = 1.5\n    elif k < 20:\n        base_factor = 1.2\n    else:\n        base_factor = 1.1\n    \n    # Use tau to add diminishing component\n    t = tau(k, c, p)\n    # The adjustment factor should be between base_factor and 1/base_factor\n    # But we want to make sure updates are not too small\n    if r_ratio > effective_mu:\n        # Primal residual is too large relative to dual residual\n        # Increase rho to penalize primal infeasibility more\n        # Use a factor that decreases with iterations\n        factor = base_factor - t\n        # Ensure factor is at least 1.05\n        factor = max(factor, 1.05)\n        new_rho = rho * factor\n        mode = \"mul\"\n    elif s_ratio > effective_mu:\n        # Dual residual is too large relative to primal residual\n        # Decrease rho to penalize dual infeasibility more\n        factor = base_factor - t\n        factor = max(factor, 1.05)\n        new_rho = rho / factor\n        mode = \"div\"\n    else:\n        # Both residuals are balanced\n        new_rho = rho\n        mode = \"keep\"\n    \n    # For numerical stability, bound rho between 1e-6 and 1e6\n    new_rho = max(min(new_rho, 1e6), 1e-6)\n    \n    # Use the ratio as auxiliary information\n    aux = r_ratio if r_ratio > s_ratio else s_ratio\n    return new_rho, aux, mode\n>>>>>>> REPLACE\n\nThis change adopts the strategy from the top-performing program (Program 1) which has the highest fitness score (0.0826). It uses:\n1. Different effective mu thresholds for early vs later iterations to trigger updates appropriately.\n2. Different base factors for different iteration ranges to be more aggressive early and conservative later.\n3. A diminishing component via tau to ensure stability as iterations progress.\n4. Bounds on rho to prevent numerical issues.\n5. Uses both r_ratio and s_ratio to decide updates, which is more symmetric than using a single ratio.\n\nThis should lead to faster convergence by being more aggressive in the initial phase while maintaining stability in later iterations."]}}, "artifacts_json": null, "artifact_dir": null, "embedding": null}