{"id": "d1af7e67-4ca9-4c3c-b83e-8ffc04874423", "code": "# initial_program.py\n# This file is evolved by AlphaEvolve\n# Only update_rho (and helpers) should be modified\n\nimport numpy as np\n\n\ndef tau(k, c=1.0, p=1.2):\n    \"\"\"\n    Diminishing step size, must be summable.\n    AlphaEvolve is allowed to change this.\n    \"\"\"\n    return c / ((k + 1) ** p)\n\n\ndef update_rho(\n    rho,\n    k,\n    r_norm,\n    s_norm,\n    mu=3.0,\n    c=1.0,\n    p=1.2,\n    eps=1e-12,\n):\n    \"\"\"\n    Adaptive ADMM penalty update rule.\n\n    Inputs:\n        rho    : current penalty parameter\n        k      : iteration index\n        r_norm : ||primal residual||\n        s_norm : ||dual residual||\n    Outputs:\n        new_rho : updated rho\n        aux     : any auxiliary scalar (logged but not used)\n        mode    : string label (\"mul\", \"div\", \"keep\", etc.)\n\n    AlphaEvolve may change the internal logic,\n    but MUST respect the signature and return types.\n    \"\"\"\n    # Compute the ratio of residuals, handling small values\n    ratio = r_norm / max(s_norm, eps)\n    \n    # Dynamic threshold: start with a lower value to encourage updates early,\n    # then gradually increase to mu for stability\n    # This helps to balance the residuals faster in early iterations\n    if k < 5:\n        effective_mu = 2.0\n    elif k < 15:\n        effective_mu = 2.5\n    else:\n        effective_mu = mu\n    \n    # Determine update factor based on iteration\n    # Early iterations: larger updates, later: smaller updates\n    if k < 5:\n        base_factor = 1.6\n    elif k < 15:\n        base_factor = 1.3\n    else:\n        base_factor = 1.1\n    \n    # Use tau to add diminishing component\n    t = tau(k, c, p)\n    # Adjust factor with diminishing component\n    factor = base_factor - t\n    # Ensure factor is at least 1.05 to avoid too small updates\n    factor = max(factor, 1.05)\n    \n    # Check conditions using the ratio and its reciprocal\n    if ratio > effective_mu:\n        # Primal residual is too large relative to dual residual\n        new_rho = rho * factor\n        mode = \"mul\"\n    elif 1.0 / ratio > effective_mu:\n        # Dual residual is too large relative to primal residual\n        new_rho = rho / factor\n        mode = \"div\"\n    else:\n        new_rho = rho\n        mode = \"keep\"\n    \n    # For numerical stability, bound rho between 1e-6 and 1e6\n    new_rho = max(min(new_rho, 1e6), 1e-6)\n    \n    # Use the ratio as auxiliary information\n    aux = ratio\n    return new_rho, aux, mode\n", "language": "python", "parent_id": "582c1c0c-a0b6-4618-9629-a94c878ea62e", "generation": 4, "timestamp": 1768219457.287797, "iteration_found": 32, "metrics": {"combined_score": 0.08266010517244188, "metrics": {"converged": true, "iters": 12, "combined_score": 0.08266010517244188}, "artifacts": {"status": "CONVERGED", "iterations": 12, "eval_time": "0.008s"}}, "complexity": 0.0, "diversity": 0.0, "metadata": {"changes": "Change 1: Replace 72 lines with 74 lines", "parent_metrics": {"combined_score": 0.08261401069195577, "metrics": {"converged": true, "iters": 12, "combined_score": 0.08261401069195577}, "artifacts": {"status": "CONVERGED", "iterations": 12, "eval_time": "0.224s"}}, "island": 0}, "prompts": {"diff_user": {"system": "You are an expert in numerical optimization and ADMM algorithms.\n\nYour task is to improve the function update_rho(rho, k, r_norm, s_norm, ...)\nused to adaptively update the ADMM penalty parameter.\n\nGoals:\n- Achieve faster convergence (fewer ADMM iterations)\n- Maintain numerical stability (avoid oscillating rho)\n- Balance primal and dual residuals efficiently\n\nConstraints:\n- You may ONLY modify the body of update_rho and helper functions in initial_program.py\n- The function signature and return types must remain unchanged\n- The code must be deterministic and numerically safe\n\nHints:\n- Consider using ratios or log-ratios of r_norm and s_norm\n- Early iterations may benefit from aggressive updates\n- Later iterations should favor stability\n- Piecewise or stateful strategies are allowed\n", "user": "# Current Program Information\n- Fitness: 0.0826\n- Feature coordinates: \n- Focus areas: - Fitness unchanged at 0.0826\n- No feature coordinates\n- Consider simplifying - code length exceeds 500 characters\n\n\n\n# Program Evolution History\n## Previous Attempts\n\n### Attempt 3\n- Changes: Change 1: Replace 62 lines with 75 lines\n- Metrics: combined_score: 0.0826, metrics: {'converged': True, 'iters': 12, 'combined_score': 0.08261401069195577}, artifacts: {'status': 'CONVERGED', 'iterations': 12, 'eval_time': '0.017s'}\n- Outcome: Improvement in all metrics\n\n### Attempt 2\n- Changes: Change 1: Replace 56 lines with 76 lines\n- Metrics: combined_score: 0.0826, metrics: {'converged': True, 'iters': 12, 'combined_score': 0.08261401069195577}, artifacts: {'status': 'CONVERGED', 'iterations': 12, 'eval_time': '0.008s'}\n- Outcome: Improvement in all metrics\n\n### Attempt 1\n- Changes: Change 1: Replace 45 lines with 64 lines\n- Metrics: combined_score: 0.0829, metrics: {'converged': True, 'iters': 12, 'combined_score': 0.08292338142301477}, artifacts: {'status': 'CONVERGED', 'iterations': 12, 'eval_time': '0.045s'}\n- Outcome: Improvement in all metrics\n\n## Top Performing Programs\n\n### Program 1 (Score: 0.0829)\n```python\n# initial_program.py\n# This file is evolved by AlphaEvolve\n# Only update_rho (and helpers) should be modified\n\nimport numpy as np\n\n\ndef tau(k, c=1.0, p=1.2):\n    \"\"\"\n    Diminishing step size, must be summable.\n    AlphaEvolve is allowed to change this.\n    \"\"\"\n    return c / ((k + 1) ** p)\n\n\ndef update_rho(\n    rho,\n    k,\n    r_norm,\n    s_norm,\n    mu=3.0,\n    c=1.0,\n    p=1.2,\n    eps=1e-12,\n):\n    \"\"\"\n    Adaptive ADMM penalty update rule.\n\n    Inputs:\n        rho    : current penalty parameter\n        k      : iteration index\n        r_norm : ||primal residual||\n        s_norm : ||dual residual||\n    Outputs:\n        new_rho : updated rho\n        aux     : any auxiliary scalar (logged but not used)\n        mode    : string label (\"mul\", \"div\", \"keep\", etc.)\n\n    AlphaEvolve may change the internal logic,\n    but MUST respect the signature and return types.\n    \"\"\"\n    t = tau(k, c, p)\n    # Compute the ratio of residuals, handling small values\n    ratio = r_norm / max(s_norm, eps)\n    \n    # Determine update factor based on iteration\n    # Early iterations: larger updates, later: smaller updates\n    if k < 5:\n        base_factor = 1.5\n    elif k < 20:\n        base_factor = 1.2\n    else:\n        base_factor = 1.1\n    \n    # Adjust factor with diminishing component\n    # We want to reduce the factor as iterations increase\n    factor = base_factor - t\n    # Ensure factor is at least 1.05 to avoid too small updates\n    factor = max(factor, 1.05)\n    \n    # Check conditions\n    if ratio > mu:\n        # Primal residual is too large relative to dual residual\n        new_rho = rho * factor\n        mode = \"mul\"\n    elif 1.0 / ratio > mu:\n        # Dual residual is too large relative to primal residual\n        new_rho = rho / factor\n        mode = \"div\"\n    else:\n        new_rho = rho\n        mode = \"keep\"\n    \n    # For numerical stability, bound rho between 1e-6 and 1e6\n    new_rho = max(min(new_rho, 1e6), 1e-6)\n    \n    # Use the ratio as auxiliary information\n    aux = ratio\n    return new_rho, aux, mode\n\n```\nKey features: Performs well on combined_score (0.0829), Performs well on metrics ({'converged': True, 'iters': 12, 'combined_score': 0.08292338142301477}), Performs well on artifacts ({'status': 'CONVERGED', 'iterations': 12, 'eval_time': '0.045s'})\n\n### Program 2 (Score: 0.0826)\n```python\n# initial_program.py\n# This file is evolved by AlphaEvolve\n# Only update_rho (and helpers) should be modified\n\nimport numpy as np\n\n\ndef tau(k, c=1.0, p=1.2):\n    \"\"\"\n    Diminishing step size, must be summable.\n    AlphaEvolve is allowed to change this.\n    \"\"\"\n    return c / ((k + 1) ** p)\n\n\ndef update_rho(\n    rho,\n    k,\n    r_norm,\n    s_norm,\n    mu=3.0,\n    c=1.0,\n    p=1.2,\n    eps=1e-12,\n):\n    \"\"\"\n    Adaptive ADMM penalty update rule.\n\n    Inputs:\n        rho    : current penalty parameter\n        k      : iteration index\n        r_norm : ||primal residual||\n        s_norm : ||dual residual||\n    Outputs:\n        new_rho : updated rho\n        aux     : any auxiliary scalar (logged but not used)\n        mode    : string label (\"mul\", \"div\", \"keep\", etc.)\n\n    AlphaEvolve may change the internal logic,\n    but MUST respect the signature and return types.\n    \"\"\"\n    # Adjust mu based on iteration: more aggressive early (smaller threshold)\n    if k < 10:\n        effective_mu = 2.0\n    else:\n        effective_mu = mu\n    \n    # Compute the ratio of residuals\n    r_ratio = r_norm / max(s_norm, eps)\n    s_ratio = s_norm / max(r_norm, eps)\n    \n    # Determine update factor based on iteration\n    # Early iterations: larger updates, later: smaller updates\n    if k < 5:\n        base_factor = 1.5\n    elif k < 20:\n        base_factor = 1.2\n    else:\n        base_factor = 1.1\n    \n    # Use tau to add diminishing component\n    t = tau(k, c, p)\n    # The adjustment factor should be between base_factor and 1/base_factor\n    # But we want to make sure updates are not too small\n    if r_ratio > effective_mu:\n        # Primal residual is too large relative to dual residual\n        # Increase rho to penalize primal infeasibility more\n        # Use a factor that decreases with iterations\n        factor = base_factor - t\n        # Ensure factor is at least 1.05\n        factor = max(factor, 1.05)\n        new_rho = rho * factor\n        mode = \"mul\"\n    elif s_ratio > effective_mu:\n        # Dual residual is too large relative to primal residual\n        # Decrease rho to penalize dual infeasibility more\n        factor = base_factor - t\n        factor = max(factor, 1.05)\n        new_rho = rho / factor\n        mode = \"div\"\n    else:\n        # Both residuals are balanced\n        new_rho = rho\n        mode = \"keep\"\n    \n    # For numerical stability, bound rho between 1e-6 and 1e6\n    new_rho = max(min(new_rho, 1e6), 1e-6)\n    \n    # Use the ratio as auxiliary information\n    aux = r_ratio if r_ratio > s_ratio else s_ratio\n    return new_rho, aux, mode\n\n```\nKey features: Performs well on combined_score (0.0826), Performs well on metrics ({'converged': True, 'iters': 12, 'combined_score': 0.08261401069195577}), Performs well on artifacts ({'status': 'CONVERGED', 'iterations': 12, 'eval_time': '0.008s'})\n\n### Program 3 (Score: 0.0826)\n```python\n# initial_program.py\n# This file is evolved by AlphaEvolve\n# Only update_rho (and helpers) should be modified\n\nimport numpy as np\n\n\ndef tau(k, c=1.0, p=1.2):\n    \"\"\"\n    Diminishing step size, must be summable.\n    AlphaEvolve is allowed to change this.\n    \"\"\"\n    return c / ((k + 1) ** p)\n\n\ndef update_rho(\n    rho,\n    k,\n    r_norm,\n    s_norm,\n    mu=3.0,\n    c=1.0,\n    p=1.2,\n    eps=1e-12,\n):\n    \"\"\"\n    Adaptive ADMM penalty update rule.\n\n    Inputs:\n        rho    : current penalty parameter\n        k      : iteration index\n        r_norm : ||primal residual||\n        s_norm : ||dual residual||\n    Outputs:\n        new_rho : updated rho\n        aux     : any auxiliary scalar (logged but not used)\n        mode    : string label (\"mul\", \"div\", \"keep\", etc.)\n\n    AlphaEvolve may change the internal logic,\n    but MUST respect the signature and return types.\n    \"\"\"\n    # Adjust mu based on iteration: more aggressive early, conservative later\n    if k < 10:\n        effective_mu = 2.0  # Lower threshold to update more frequently early\n    else:\n        effective_mu = mu\n    \n    # Compute the ratio of residuals\n    ratio = r_norm / max(s_norm, eps)\n    \n    # Determine base update factor based on iteration\n    # Early: larger updates, later: smaller updates\n    if k < 5:\n        base_factor = 1.5\n    elif k < 20:\n        base_factor = 1.2\n    else:\n        base_factor = 1.1\n    \n    # Use tau to add diminishing component\n    t = tau(k, c, p)\n    \n    # Check if we need to update\n    if ratio > effective_mu:\n        # Primal residual too large: increase rho\n        # Make factor diminish with iterations\n        factor = base_factor - t\n        # Ensure factor is at least 1.05 for meaningful updates\n        factor = max(factor, 1.05)\n        new_rho = rho * factor\n        mode = \"mul\"\n    elif 1.0 / ratio > effective_mu:\n        # Dual residual too large: decrease rho\n        factor = base_factor - t\n        factor = max(factor, 1.05)\n        new_rho = rho / factor\n        mode = \"div\"\n    else:\n        # Balanced residuals\n        new_rho = rho\n        mode = \"keep\"\n    \n    # Clip rho to maintain numerical stability\n    rho_min = 1e-6\n    rho_max = 1e6\n    new_rho = max(rho_min, min(new_rho, rho_max))\n    \n    # Use the ratio as auxiliary information\n    aux = ratio\n    return new_rho, aux, mode\n\n```\nKey features: Performs well on combined_score (0.0826), Performs well on metrics ({'converged': True, 'iters': 12, 'combined_score': 0.08261401069195577}), Performs well on artifacts ({'status': 'CONVERGED', 'iterations': 12, 'eval_time': '0.017s'})\n\n\n\n## Diverse Programs\n\n### Program D1 (Score: 0.0826)\n```python\n# initial_program.py\n# This file is evolved by AlphaEvolve\n# Only update_rho (and helpers) should be modified\n\nimport numpy as np\n\n\ndef tau(k, c=1.0, p=1.2):\n    \"\"\"\n    Diminishing step size, must be summable.\n    AlphaEvolve is allowed to change this.\n    \"\"\"\n    return c / ((k + 1) ** p)\n\n\ndef update_rho(\n    rho,\n    k,\n    r_norm,\n    s_norm,\n    mu=3.0,\n    c=1.0,\n    p=1.2,\n    eps=1e-12,\n):\n    \"\"\"\n    Adaptive ADMM penalty update rule.\n\n    Inputs:\n        rho    : current penalty parameter\n        k      : iteration index\n        r_norm : ||primal residual||\n        s_norm : ||dual residual||\n    Outputs:\n        new_rho : updated rho\n        aux     : any auxiliary scalar (logged but not used)\n        mode    : string label (\"mul\", \"div\", \"keep\", etc.)\n\n    AlphaEvolve may change the internal logic,\n    but MUST respect the signature and return types.\n    \"\"\"\n    # Adjust mu based on iteration to be more aggressive early on\n    if k < 10:\n        effective_mu = 2.0\n    else:\n        effective_mu = mu\n    \n    # Compute the ratio of residuals, handling small values\n    r_ratio = r_norm / max(s_norm, eps)\n    s_ratio = s_norm / max(r_norm, eps)\n    \n    # Determine update factor based on iteration\n    if k < 5:\n        base_factor = 1.5\n    elif k < 20:\n        base_factor = 1.2\n    else:\n        base_factor = 1.1\n    \n    # Use tau to add diminishing component\n    t = tau(k, c, p)\n    # The adjustment factor should be between base_factor and 1/base_factor\n    # But we want to make sure updates are not too small\n    if r_ratio > effective_mu:\n        # Primal residual is too large relative to dual residual\n        # Increase rho to penalize primal infeasibility more\n        # Use a factor that decreases with iterations\n        factor = base_factor - t\n        # Ensure factor is at least 1.05\n        factor = max(factor, 1.05)\n        new_rho = rho * factor\n        mode = \"mul\"\n    elif s_ratio > effective_mu:\n        # Dual residual is too large relative to primal residual\n        # Decrease rho to penalize dual infeasibility more\n        factor = base_factor - t\n        factor = max(factor, 1.05)\n        new_rho = rho / factor\n        mode = \"div\"\n    else:\n        # Both residuals are balanced\n        new_rho = rho\n        mode = \"keep\"\n    \n    # For numerical stability, bound rho between 1e-6 and 1e6\n    new_rho = max(min(new_rho, 1e6), 1e-6)\n    \n    # Use the ratio as auxiliary information\n    aux = r_ratio if r_ratio > s_ratio else s_ratio\n    return new_rho, aux, mode\n\n```\nKey features: Alternative approach to combined_score, Alternative approach to metrics\n\n### Program D2 (Score: 0.0826)\n```python\n# initial_program.py\n# This file is evolved by AlphaEvolve\n# Only update_rho (and helpers) should be modified\n\nimport numpy as np\n\n\ndef tau(k, c=1.0, p=1.2):\n    \"\"\"\n    Diminishing step size, must be summable.\n    AlphaEvolve is allowed to change this.\n    \"\"\"\n    return c / ((k + 1) ** p)\n\n\ndef update_rho(\n    rho,\n    k,\n    r_norm,\n    s_norm,\n    mu=3.0,\n    c=1.0,\n    p=1.2,\n    eps=1e-12,\n):\n    \"\"\"\n    Adaptive ADMM penalty update rule.\n\n    Inputs:\n        rho    : current penalty parameter\n        k      : iteration index\n        r_norm : ||primal residual||\n        s_norm : ||dual residual||\n    Outputs:\n        new_rho : updated rho\n        aux     : any auxiliary scalar (logged but not used)\n        mode    : string label (\"mul\", \"div\", \"keep\", etc.)\n\n    AlphaEvolve may change the internal logic,\n    but MUST respect the signature and return types.\n    \"\"\"\n    # Adjust mu based on iteration to be more aggressive early on\n    # For early iterations, use a smaller threshold to update more frequently\n    if k < 10:\n        effective_mu = 2.0\n    else:\n        effective_mu = mu\n    \n    # Compute the ratio of residuals, handling small values\n    r_ratio = r_norm / max(s_norm, eps)\n    s_ratio = s_norm / max(r_norm, eps)\n    \n    # Determine update factor based on iteration\n    # Early iterations: larger updates, later: smaller updates\n    if k < 5:\n        base_factor = 1.5\n    elif k < 20:\n        base_factor = 1.2\n    else:\n        base_factor = 1.1\n    \n    # Use tau to add diminishing component\n    t = tau(k, c, p)\n    # The adjustment factor should be between base_factor and 1/base_factor\n    # But we want to make sure updates are not too small\n    if r_ratio > effective_mu:\n        # Primal residual is too large relative to dual residual\n        # Increase rho to penalize primal infeasibility more\n        # Use a factor that decreases with iterations\n        factor = base_factor - t\n        # Ensure factor is at least 1.05\n        factor = max(factor, 1.05)\n        new_rho = rho * factor\n        mode = \"mul\"\n    elif s_ratio > effective_mu:\n        # Dual residual is too large relative to primal residual\n        # Decrease rho to penalize dual infeasibility more\n        factor = base_factor - t\n        factor = max(factor, 1.05)\n        new_rho = rho / factor\n        mode = \"div\"\n    else:\n        # Both residuals are balanced\n        new_rho = rho\n        mode = \"keep\"\n    \n    # For numerical stability, bound rho between 1e-6 and 1e6\n    new_rho = max(min(new_rho, 1e6), 1e-6)\n    \n    # Use the ratio as auxiliary information\n    aux = r_ratio if r_ratio > s_ratio else s_ratio\n    return new_rho, aux, mode\n\n```\nKey features: Alternative approach to combined_score, Alternative approach to metrics\n\n## Inspiration Programs\n\nThese programs represent diverse approaches and creative solutions that may inspire new ideas:\n\n### Inspiration 1 (Score: 0.0829, Type: Exploratory)\n```python\n# initial_program.py\n# This file is evolved by AlphaEvolve\n# Only update_rho (and helpers) should be modified\n\nimport numpy as np\n\n\ndef tau(k, c=1.0, p=1.2):\n    \"\"\"\n    Diminishing step size, must be summable.\n    AlphaEvolve is allowed to change this.\n    \"\"\"\n    return c / ((k + 1) ** p)\n\n\ndef update_rho(\n    rho,\n    k,\n    r_norm,\n    s_norm,\n    mu=3.0,\n    c=1.0,\n    p=1.2,\n    eps=1e-12,\n):\n    \"\"\"\n    Adaptive ADMM penalty update rule.\n\n    Inputs:\n        rho    : current penalty parameter\n        k      : iteration index\n        r_norm : ||primal residual||\n        s_norm : ||dual residual||\n    Outputs:\n        new_rho : updated rho\n        aux     : any auxiliary scalar (logged but not used)\n        mode    : string label (\"mul\", \"div\", \"keep\", etc.)\n\n    AlphaEvolve may change the internal logic,\n    but MUST respect the signature and return types.\n    \"\"\"\n    t = tau(k, c, p)\n    # Compute the ratio of residuals, handling small values\n    ratio = r_norm / max(s_norm, eps)\n    \n    # Determine update factor based on iteration\n    # Early iterations: larger updates, later: smaller updates\n    if k < 5:\n        base_factor = 1.5\n    elif k < 20:\n        base_factor = 1.2\n    else:\n        base_factor = 1.1\n    \n    # Adjust factor with diminishing component\n    # We want to reduce the factor as iterations increase\n    factor = base_factor - t\n    # Ensure factor is at least 1.05 to avoid too small updates\n    factor = max(factor, 1.05)\n    \n    # Check conditions\n    if ratio > mu:\n        # Primal residual is too large relative to dual residual\n        new_rho = rho * factor\n        mode = \"mul\"\n    elif 1.0 / ratio > mu:\n        # Dual residual is too large relative to primal residual\n        new_rho = rho / factor\n        mode = \"div\"\n    else:\n        new_rho = rho\n        mode = \"keep\"\n    \n    # For numerical stability, bound rho between 1e-6 and 1e6\n    new_rho = max(min(new_rho, 1e6), 1e-6)\n    \n    # Use the ratio as auxiliary information\n    aux = ratio\n    return new_rho, aux, mode\n\n```\nUnique approach: Modification:, [Fragment formatting error: 'metric_name'], NumPy-based implementation\n\n### Inspiration 2 (Score: 0.0766, Type: Exploratory)\n```python\n# initial_program.py\n# This file is evolved by AlphaEvolve\n# Only update_rho (and helpers) should be modified\n\nimport numpy as np\n\n\ndef tau(k, c=1.0, p=1.2):\n    \"\"\"\n    Diminishing step size, must be summable.\n    AlphaEvolve is allowed to change this.\n    \"\"\"\n    return c / ((k + 1) ** p)\n\n\ndef compute_adjustment_factor(ratio, k, base=0.85):\n    \"\"\"\n    Compute adjustment factor based on residual ratio and iteration.\n    \"\"\"\n    # Diminishing influence over iterations\n    t = tau(k)\n    # Target ratio is 1, so if ratio > 1, rho should increase\n    # Use sqrt to make adjustments more moderate\n    # Clip the adjustment to prevent extreme changes\n    adj = np.sqrt(ratio)\n    # Bound the adjustment between 0.5 and 2.0\n    adj = np.clip(adj, 0.5, 2.0)\n    # Blend with base factor, with diminishing influence over iterations\n    factor = base + (adj - base) * np.exp(-k / 10.0)\n    return factor\n\n\ndef update_rho(\n    rho,\n    k,\n    r_norm,\n    s_norm,\n    mu=3.0,\n    c=1.0,\n    p=1.2,\n    eps=1e-12,\n):\n    \"\"\"\n    Adaptive ADMM penalty update rule.\n\n    Inputs:\n        rho    : current penalty parameter\n        k      : iteration index\n        r_norm : ||primal residual||\n        s_norm : ||dual residual||\n    Outputs:\n        new_rho : updated rho\n        aux     : any auxiliary scalar (logged but not used)\n        mode    : string label (\"mul\", \"div\", \"keep\", etc.)\n\n    AlphaEvolve may change the internal logic,\n    but MUST respect the signature and return types.\n    \"\"\"\n    # Compute the ratio of residuals\n    ratio = r_norm / max(s_norm, eps)\n    \n    # If both residuals are very small, keep rho\n    if r_norm < eps and s_norm < eps:\n        return rho, 0.0, \"keep\"\n    \n    # Determine if we need to adjust rho\n    # Use a dynamic threshold that tightens over iterations\n    # Early iterations: be more aggressive (larger mu)\n    # Later iterations: be more conservative (smaller mu)\n    dynamic_mu = mu * (1.0 + 2.0 * np.exp(-k / 5.0))\n    \n    if ratio > dynamic_mu:\n        # Primal residual is too large relative to dual residual\n        # Increase rho to prioritize primal feasibility\n        factor = compute_adjustment_factor(ratio, k)\n        new_rho = rho * factor\n        return new_rho, factor, \"mul\"\n    elif 1.0 / ratio > dynamic_mu:\n        # Dual residual is too large relative to primal residual\n        # Decrease rho to prioritize dual feasibility\n        factor = compute_adjustment_factor(1.0 / ratio, k)\n        new_rho = rho / factor\n        return new_rho, factor, \"div\"\n    else:\n        # Residuals are balanced\n        return rho, 1.0, \"keep\"\n\n```\nUnique approach: Modification:, [Fragment formatting error: 'metric_name'], NumPy-based implementation\n\n### Inspiration 3 (Score: 0.0826, Type: Exploratory)\n```python\n# initial_program.py\n# This file is evolved by AlphaEvolve\n# Only update_rho (and helpers) should be modified\n\nimport numpy as np\n\n\ndef tau(k, c=1.0, p=1.2):\n    \"\"\"\n    Diminishing step size, must be summable.\n    AlphaEvolve is allowed to change this.\n    \"\"\"\n    return c / ((k + 1) ** p)\n\n\ndef update_rho(\n    rho,\n    k,\n    r_norm,\n    s_norm,\n    mu=3.0,\n    c=1.0,\n    p=1.2,\n    eps=1e-12,\n):\n    \"\"\"\n    Adaptive ADMM penalty update rule.\n\n    Inputs:\n        rho    : current penalty parameter\n        k      : iteration index\n        r_norm : ||primal residual||\n        s_norm : ||dual residual||\n    Outputs:\n        new_rho : updated rho\n        aux     : any auxiliary scalar (logged but not used)\n        mode    : string label (\"mul\", \"div\", \"keep\", etc.)\n\n    AlphaEvolve may change the internal logic,\n    but MUST respect the signature and return types.\n    \"\"\"\n    # Adjust mu based on iteration: more aggressive early (smaller threshold)\n    if k < 10:\n        effective_mu = 2.0\n    else:\n        effective_mu = mu\n    \n    # Compute the ratio of residuals\n    r_ratio = r_norm / max(s_norm, eps)\n    s_ratio = s_norm / max(r_norm, eps)\n    \n    # Determine update factor based on iteration\n    # Early iterations: larger updates, later: smaller updates\n    if k < 5:\n        base_factor = 1.5\n    elif k < 20:\n        base_factor = 1.2\n    else:\n        base_factor = 1.1\n    \n    # Use tau to add diminishing component\n    t = tau(k, c, p)\n    # The adjustment factor should be between base_factor and 1/base_factor\n    # But we want to make sure updates are not too small\n    if r_ratio > effective_mu:\n        # Primal residual is too large relative to dual residual\n        # Increase rho to penalize primal infeasibility more\n        # Use a factor that decreases with iterations\n        factor = base_factor - t\n        # Ensure factor is at least 1.05\n        factor = max(factor, 1.05)\n        new_rho = rho * factor\n        mode = \"mul\"\n    elif s_ratio > effective_mu:\n        # Dual residual is too large relative to primal residual\n        # Decrease rho to penalize dual infeasibility more\n        factor = base_factor - t\n        factor = max(factor, 1.05)\n        new_rho = rho / factor\n        mode = \"div\"\n    else:\n        # Both residuals are balanced\n        new_rho = rho\n        mode = \"keep\"\n    \n    # For numerical stability, bound rho between 1e-6 and 1e6\n    new_rho = max(min(new_rho, 1e6), 1e-6)\n    \n    # Use the ratio as auxiliary information\n    aux = r_ratio if r_ratio > s_ratio else s_ratio\n    return new_rho, aux, mode\n\n```\nUnique approach: Modification:, [Fragment formatting error: 'metric_name'], NumPy-based implementation\n\n# Current Program\n```python\n# initial_program.py\n# This file is evolved by AlphaEvolve\n# Only update_rho (and helpers) should be modified\n\nimport numpy as np\n\n\ndef tau(k, c=1.0, p=1.2):\n    \"\"\"\n    Diminishing step size, must be summable.\n    AlphaEvolve is allowed to change this.\n    \"\"\"\n    return c / ((k + 1) ** p)\n\n\ndef update_rho(\n    rho,\n    k,\n    r_norm,\n    s_norm,\n    mu=3.0,\n    c=1.0,\n    p=1.2,\n    eps=1e-12,\n):\n    \"\"\"\n    Adaptive ADMM penalty update rule.\n\n    Inputs:\n        rho    : current penalty parameter\n        k      : iteration index\n        r_norm : ||primal residual||\n        s_norm : ||dual residual||\n    Outputs:\n        new_rho : updated rho\n        aux     : any auxiliary scalar (logged but not used)\n        mode    : string label (\"mul\", \"div\", \"keep\", etc.)\n\n    AlphaEvolve may change the internal logic,\n    but MUST respect the signature and return types.\n    \"\"\"\n    # Adjust mu based on iteration: more aggressive early (update more frequently)\n    if k < 10:\n        effective_mu = 2.0\n    else:\n        effective_mu = mu\n    \n    # Compute ratios with safeguards\n    r_ratio = r_norm / max(s_norm, eps)\n    s_ratio = s_norm / max(r_norm, eps)\n    \n    # Determine base factor based on iteration: larger updates early, smaller later\n    if k < 5:\n        base_factor = 1.5\n    elif k < 20:\n        base_factor = 1.2\n    else:\n        base_factor = 1.1\n    \n    # Use tau for additional damping\n    t = tau(k, c, p)\n    \n    # Update logic\n    if r_ratio > effective_mu:\n        # Primal residual too large: increase rho\n        # Combine base factor with tau damping: factor decreases with iterations\n        factor = base_factor - t\n        factor = max(factor, 1.05)  # Ensure minimum update\n        new_rho = rho * factor\n        mode = \"mul\"\n    elif s_ratio > effective_mu:\n        # Dual residual too large: decrease rho\n        factor = base_factor - t\n        factor = max(factor, 1.05)\n        new_rho = rho / factor\n        mode = \"div\"\n    else:\n        # Balanced residuals\n        new_rho = rho\n        mode = \"keep\"\n    \n    # Numerical stability: bound rho to prevent extreme values\n    new_rho = max(min(new_rho, 1e6), 1e-6)\n    \n    # Auxiliary value: use the larger ratio for logging\n    aux = r_ratio if r_ratio > s_ratio else s_ratio\n    return new_rho, aux, mode\n\n```\n\n# Task\nSuggest improvements to the program that will improve its FITNESS SCORE.\nThe system maintains diversity across these dimensions: complexity, diversity\nDifferent solutions with similar fitness but different features are valuable.\n\nYou MUST use the exact SEARCH/REPLACE diff format shown below to indicate changes:\n\n<<<<<<< SEARCH\n# Original code to find and replace (must match exactly)\n=======\n# New replacement code\n>>>>>>> REPLACE\n\nExample of valid diff format:\n<<<<<<< SEARCH\nfor i in range(m):\n    for j in range(p):\n        for k in range(n):\n            C[i, j] += A[i, k] * B[k, j]\n=======\n# Reorder loops for better memory access pattern\nfor i in range(m):\n    for k in range(n):\n        for j in range(p):\n            C[i, j] += A[i, k] * B[k, j]\n>>>>>>> REPLACE\n\nYou can suggest multiple changes. Each SEARCH section must exactly match code in the current program.\nBe thoughtful about your changes and explain your reasoning thoroughly.\n\nIMPORTANT: Do not rewrite the entire program - focus on targeted improvements.", "responses": ["Looking at the current program and the evolution history, I notice that the best fitness score achieved is 0.0829, while the current program has a fitness of 0.0826. The top-performing program (Program 1) uses a simpler approach with `ratio = r_norm / max(s_norm, eps)` and checks both `ratio > mu` and `1.0 / ratio > mu`, rather than computing two separate ratios. This seems to be more effective.\n\nAlso, the current program uses `effective_mu = 2.0` for early iterations, which might be too aggressive and cause oscillations. However, the best program uses a fixed `mu=3.0` without adjustment. Perhaps a more balanced approach that gradually tightens the threshold could be better.\n\nAnother observation: the best program uses `factor = base_factor - t` with `t = tau(k, c, p)`, which decreases over time, but the base factor is chosen based on iteration ranges. However, the current program does similar but with two separate ratios.\n\nLet's try to combine the best elements:\n1. Use a single ratio and its reciprocal for symmetry.\n2. Adjust the update strategy to be more aggressive early on but with diminishing updates.\n3. Ensure numerical stability.\n\nI'll modify the current program to be closer to the best-performing one, but with some improvements:\n- Use a dynamic threshold that starts lower (to encourage updates early) and increases to mu over time.\n- Use a single ratio to avoid inconsistencies.\n- Adjust the base factor to be more aggressive in early iterations.\n\nHere are the changes:\n\n<<<<<<< SEARCH\ndef update_rho(\n    rho,\n    k,\n    r_norm,\n    s_norm,\n    mu=3.0,\n    c=1.0,\n    p=1.2,\n    eps=1e-12,\n):\n    \"\"\"\n    Adaptive ADMM penalty update rule.\n\n    Inputs:\n        rho    : current penalty parameter\n        k      : iteration index\n        r_norm : ||primal residual||\n        s_norm : ||dual residual||\n    Outputs:\n        new_rho : updated rho\n        aux     : any auxiliary scalar (logged but not used)\n        mode    : string label (\"mul\", \"div\", \"keep\", etc.)\n\n    AlphaEvolve may change the internal logic,\n    but MUST respect the signature and return types.\n    \"\"\"\n    # Adjust mu based on iteration: more aggressive early (update more frequently)\n    if k < 10:\n        effective_mu = 2.0\n    else:\n        effective_mu = mu\n    \n    # Compute ratios with safeguards\n    r_ratio = r_norm / max(s_norm, eps)\n    s_ratio = s_norm / max(r_norm, eps)\n    \n    # Determine base factor based on iteration: larger updates early, smaller later\n    if k < 5:\n        base_factor = 1.5\n    elif k < 20:\n        base_factor = 1.2\n    else:\n        base_factor = 1.1\n    \n    # Use tau for additional damping\n    t = tau(k, c, p)\n    \n    # Update logic\n    if r_ratio > effective_mu:\n        # Primal residual too large: increase rho\n        # Combine base factor with tau damping: factor decreases with iterations\n        factor = base_factor - t\n        factor = max(factor, 1.05)  # Ensure minimum update\n        new_rho = rho * factor\n        mode = \"mul\"\n    elif s_ratio > effective_mu:\n        # Dual residual too large: decrease rho\n        factor = base_factor - t\n        factor = max(factor, 1.05)\n        new_rho = rho / factor\n        mode = \"div\"\n    else:\n        # Balanced residuals\n        new_rho = rho\n        mode = \"keep\"\n    \n    # Numerical stability: bound rho to prevent extreme values\n    new_rho = max(min(new_rho, 1e6), 1e-6)\n    \n    # Auxiliary value: use the larger ratio for logging\n    aux = r_ratio if r_ratio > s_ratio else s_ratio\n    return new_rho, aux, mode\n=======\ndef update_rho(\n    rho,\n    k,\n    r_norm,\n    s_norm,\n    mu=3.0,\n    c=1.0,\n    p=1.2,\n    eps=1e-12,\n):\n    \"\"\"\n    Adaptive ADMM penalty update rule.\n\n    Inputs:\n        rho    : current penalty parameter\n        k      : iteration index\n        r_norm : ||primal residual||\n        s_norm : ||dual residual||\n    Outputs:\n        new_rho : updated rho\n        aux     : any auxiliary scalar (logged but not used)\n        mode    : string label (\"mul\", \"div\", \"keep\", etc.)\n\n    AlphaEvolve may change the internal logic,\n    but MUST respect the signature and return types.\n    \"\"\"\n    # Compute the ratio of residuals, handling small values\n    ratio = r_norm / max(s_norm, eps)\n    \n    # Dynamic threshold: start with a lower value to encourage updates early,\n    # then gradually increase to mu for stability\n    # This helps to balance the residuals faster in early iterations\n    if k < 5:\n        effective_mu = 2.0\n    elif k < 15:\n        effective_mu = 2.5\n    else:\n        effective_mu = mu\n    \n    # Determine update factor based on iteration\n    # Early iterations: larger updates, later: smaller updates\n    if k < 5:\n        base_factor = 1.6\n    elif k < 15:\n        base_factor = 1.3\n    else:\n        base_factor = 1.1\n    \n    # Use tau to add diminishing component\n    t = tau(k, c, p)\n    # Adjust factor with diminishing component\n    factor = base_factor - t\n    # Ensure factor is at least 1.05 to avoid too small updates\n    factor = max(factor, 1.05)\n    \n    # Check conditions using the ratio and its reciprocal\n    if ratio > effective_mu:\n        # Primal residual is too large relative to dual residual\n        new_rho = rho * factor\n        mode = \"mul\"\n    elif 1.0 / ratio > effective_mu:\n        # Dual residual is too large relative to primal residual\n        new_rho = rho / factor\n        mode = \"div\"\n    else:\n        new_rho = rho\n        mode = \"keep\"\n    \n    # For numerical stability, bound rho between 1e-6 and 1e6\n    new_rho = max(min(new_rho, 1e6), 1e-6)\n    \n    # Use the ratio as auxiliary information\n    aux = ratio\n    return new_rho, aux, mode\n>>>>>>> REPLACE\n\nExplanation of changes:\n1. Switched to using a single ratio and its reciprocal, which is symmetric and matches the best-performing program.\n2. Introduced a more gradual dynamic threshold: starts at 2.0 for the first 5 iterations, then 2.5 for iterations 5-14, then 3.0 thereafter. This allows for more updates early on without being too aggressive.\n3. Adjusted base factors to be slightly more aggressive in early stages (1.6 vs 1.5) and tuned the ranges.\n4. Removed the separate computation of two ratios, which can be inconsistent.\n5. The auxiliary value is now the ratio itself, which is simpler and matches the best program.\n\nThese changes aim to improve convergence by being more responsive in early iterations while maintaining stability later, potentially leading to fewer ADMM iterations and a better fitness score."]}}, "artifacts_json": null, "artifact_dir": null, "embedding": null}