{"id": "b26fc9d1-1ace-4d41-93c7-5573745a6ff4", "code": "# initial_program.py\n# This file is evolved by AlphaEvolve\n# Only update_rho (and helpers) should be modified\n\nimport numpy as np\n\n\ndef tau(k, c=1.0, p=1.2):\n    \"\"\"\n    Diminishing step size, must be summable.\n    AlphaEvolve is allowed to change this.\n    \"\"\"\n    return c / ((k + 1) ** p)\n\n\ndef update_rho(\n    rho,\n    k,\n    r_norm,\n    s_norm,\n    mu=3.0,\n    c=1.0,\n    p=1.2,\n    eps=1e-12,\n):\n    \"\"\"\n    Adaptive ADMM penalty update rule.\n\n    Inputs:\n        rho    : current penalty parameter\n        k      : iteration index\n        r_norm : ||primal residual||\n        s_norm : ||dual residual||\n    Outputs:\n        new_rho : updated rho\n        aux     : any auxiliary scalar (logged but not used)\n        mode    : string label (\"mul\", \"div\", \"keep\", etc.)\n\n    AlphaEvolve may change the internal logic,\n    but MUST respect the signature and return types.\n    \"\"\"\n    # Compute the ratio of residuals, handling small values\n    r_ratio = r_norm / max(s_norm, eps)\n    s_ratio = s_norm / max(r_norm, eps)\n    \n    # Dynamic threshold based on iteration and residual magnitude\n    # Early iterations: be more aggressive with a lower threshold\n    # Also, if residuals are large, be more sensitive\n    residual_scale = np.log10(max(r_norm, s_norm, eps) + 1.0)\n    # Scale mu based on iteration and residual scale\n    if k < 5:\n        # Very early: very aggressive\n        effective_mu = 1.5 + 0.1 * residual_scale\n        base_factor = 2.0\n    elif k < 15:\n        # Early: moderately aggressive\n        effective_mu = 2.0 + 0.2 * residual_scale\n        base_factor = 1.5\n    else:\n        # Later: more conservative\n        effective_mu = mu + 0.3 * residual_scale\n        base_factor = 1.2\n    \n    # Cap effective_mu to prevent being too sensitive\n    effective_mu = min(effective_mu, 10.0)\n    \n    # Use tau to add diminishing component\n    t = tau(k, c, p)\n    \n    # Determine update based on both ratios\n    # Use a smoother approach: compute a weighted decision\n    if r_ratio > effective_mu:\n        # Primal residual is too large relative to dual residual\n        # Make the update factor depend on how large the ratio is\n        excess_ratio = min(r_ratio / effective_mu, 5.0)\n        # The factor should be between base_factor and 1.0, but we want >1\n        # Use a logarithmic scaling\n        factor = 1.0 + (base_factor - 1.0) * np.log1p(excess_ratio - 1.0) / np.log1p(4.0)\n        # Apply diminishing returns with t\n        factor = max(factor - t, 1.05)\n        new_rho = rho * factor\n        mode = \"mul\"\n    elif s_ratio > effective_mu:\n        # Dual residual is too large relative to primal residual\n        excess_ratio = min(s_ratio / effective_mu, 5.0)\n        factor = 1.0 + (base_factor - 1.0) * np.log1p(excess_ratio - 1.0) / np.log1p(4.0)\n        factor = max(factor - t, 1.05)\n        new_rho = rho / factor\n        mode = \"div\"\n    else:\n        # Both residuals are balanced\n        new_rho = rho\n        mode = \"keep\"\n    \n    # For numerical stability, bound rho between 1e-6 and 1e6\n    # Also, prevent very large jumps by limiting the change per iteration\n    max_change = 10.0\n    if new_rho > rho * max_change:\n        new_rho = rho * max_change\n    elif new_rho < rho / max_change:\n        new_rho = rho / max_change\n    \n    new_rho = max(min(new_rho, 1e6), 1e-6)\n    \n    # Use a combined measure as auxiliary information\n    aux = max(r_ratio, s_ratio)\n    return new_rho, aux, mode\n", "language": "python", "parent_id": "11786e26-c1e9-426e-b2e2-a047bc7cda79", "generation": 3, "timestamp": 1768219710.584311, "iteration_found": 0, "metrics": {"combined_score": 0.08292794781575066, "metrics": {"converged": true, "iters": 12, "combined_score": 0.08292794781575066}, "artifacts": {"status": "CONVERGED", "iterations": 12, "eval_time": "0.016s"}}, "complexity": 0.0, "diversity": 0.0, "metadata": {"changes": "Change 1: Replace 75 lines with 92 lines", "parent_metrics": {"combined_score": 0.08261401069195577, "metrics": {"converged": true, "iters": 12, "combined_score": 0.08261401069195577}, "artifacts": {"status": "CONVERGED", "iterations": 12, "eval_time": "0.024s"}}, "island": 1, "migrant": true}, "prompts": null, "artifacts_json": null, "artifact_dir": null, "embedding": null}